STATUS,PARTIJ,PERSOON,BEGINLID,VOLGENDEFUNCTIE,ORGTYPE,ORGNAAM,BEGINANDERS,NEVENFUNCTIES,BRONNEN
,VVD,Mark Rutte,2002,Fractievoorzitter en minister-president ,Tweede Kamerlid,,,"gastdocent Johan de Witt Scholengroep (voorheen ""Varias College"") te 's-Gravenhage, vanaf september 2008 (1 dagdeel per week)
- 
lid van het High Level Panel on Water en van de Secretary General’s Circle of Leadership for the prevention and eradication of sexual abuse and exploitation",
afkoel,VVD,Martijn Bolkestein,2020,Associé bij Berenschot sinds april 2021.,public affairs kantoor,Associé,2021,"Trainer Haya van Somerenstichting
2014 – heden

Lid redactieraad Liberale Reflecties      
penningmeester Stichting Gevluchte Kunstenaars, vanaf 1 januari 2017
  
penningmeester Vereniging Vrienden van de Amsterdamse Hortus in de Plantage, vanaf mei 2020",https://www.linkedin.com/in/martijnbolkestein/?originalSubdomain=nl
,VVD,Stef Blok,1998,mei 2021 minister van Economische Zaken en Klimaat.,Tweede Kamerlid,,,"lid Raad van Commissarissen ""Scholtens Bouwbedrijf"" te Wognum
lid Raad van Toezicht ""Stedelijk Gymnasium"" te Leiden",https://nl.wikipedia.org/wiki/Stef_Blok
,VVD,Albert van den Bosch,2017,"Pensioen (?) 
lid bestuur Atlantische Commissie, vanaf 1 januari 2021",ngo,Atlantisce Commisie,1 januari 2021,"voorzitter Manhuysfonds, van 2004 tot 30 maart 2017
lid delegatie naar de Parlementaire Assemblee van de OVSE
lid bestuur Atlantische Commissie, vanaf 1 januari 2021",https://www.parlement.com/id/vhy1g9czpizq/a_albert_van_den_bosch
,VVD,Sander Dekker,2017,"minister zonder portefeuille, minister voor Rechtsbescherming, vanaf 26 oktober 2017",Tweede Kamerlid,,,"lid Commissie-Paas, 2009
lid Council Olympisch Plan 2028",https://www.parlement.com/id/vj46fesc70px/s_sander_dekker
,VVD,Wybren van Haga,2017,"
fractievoorzitter groep-Van Haga, Tweede Kamer der Staten-Generaal, vanaf 13 mei 2021",Tweede Kamerlid,,,"id Presidium (Tweede Kamer der Staten-Generaal), van 13 april 2021 tot 15 mei 2021",https://www.parlement.com/id/vkadckmf1rk6/w_r_wybren_van_haga
,VVD,Sven Koopmans,2017,"is een Nederlands diplomaat en politicus, die sinds mei 2021 speciaal gezant voor het Midden-Oosten is namens de Europese Unie",Publieke domein,Verenigde naties,1 mei 2021," 
testamentair executeur, vanaf 2007
- 
lid NAVO-assemblee, vanaf april 2019",https://www.parlement.com/id/vk9hmpun5mun/s_m_g_sven_koopmans
,VVD,Antoinette Laan-Geselschap,2017,"
wethouder (belast met stedelijke ontwikkeling, huisvesting, industrie, havenontwikkeling en sport) van Schiedam, vanaf 6 april 2021",Publieke domein,Gemeente van Schiedam,6 april 2021,"
voorzitter Raad van Bestuur Stichting Erasmus Sport, vanaf 1 december 2015
- 
lid curatorium Marnix Gymnasium te Rotterdam, vanaf 31 maart 2018",https://www.parlement.com/id/vk9vmq07i4k3/a_j_m_antoinette_laan_geselschap
,VVD,Kelly Regterschot,2019,"
lid Tweede Kamer der Staten-Generaal, van 25 juni 2019 tot 31 maart 2021",Tweede Kamerlid,,,"
lid bestuur Filmhuis ""De Spiegel"", vanaf 13 september 2019
- 
lid adviescommissie Branding Limburg voor de provincie Limburg, vanaf 10 november 2020",https://www.parlement.com/id/vkzgex3lhkpo/k_kelly_regterschot
,VVD,Bart Smals,2019,"Tweede Kamerlid, 7 september 2021",Tweede Kamerlid,,,"
lid bestuur Stichting Zorg DAS, vanaf 2012
- 
voorzitter VVE Zandeveltplein",https://www.parlement.com/id/vkzja1ygdspx/b_m_g_bart_smals
,VVD,Mark Snoeren,2021,Officier veiligheidsregio Haaglanden jan 2016 - heden,Publieke domein,Koninklijke Marechausse,januari 2016,"
lid bestuur Snoeren Beheer en Management B.V., vanaf 2013
- 
lid bestuur Mark Snoeren Holding B.V., vanaf 2017 & eigenaar Skipiste Nieuwegein",https://www.parlement.com/id/vlc99zhd3ln4/m_a_j_mark_snoeren
,,,,Directeur/eigenaar Skipiste Nieuwegein okt. 2017 - heden,Overige,Skipiste nieuwegein,oktober 2017,,
afkoel,VVD,"
 Arno Rutte",2012,"Op 10 oktober 2019 verruilde hij zijn Tweede Kamerlidmaatschap voor een baan als consultant bij Vintura, een Consultancy Bureau in de Zorgsector en Life Sciences.",public affairs kantoor,Vintura,10 oktober 2019,,https://nl.wikipedia.org/wiki/Arno_Rutte
,,,,"eigenaar Rutte Public Affairs, adviesbureau, vanaf april 2021",zelfstandig adviseur,Rutte public affairs,april 2021,,
,,,,voorzitter De Stichting Verantwoorde Alcohol Consumptie,Voorzitter,De Stichting Verantwoorde Alcohol Consumptie,okt. 2021,,
afkoel,VVD,Arne Weverling,2017,Senior orginasatieadviseur Rijnconsult apr. 2021 - heden,public affairs kantoor,Rijnconsult,apr. 2021,"verleden: lid Raad van Advies familiebedrijf Weverling Groenprojecten, van 2016 tot 2020 (hoveniersbedrijf)
- 
lid bestuur AWE Holding B.V., vanaf 2016",https://www.parlement.com/id/vk98ksc7nnm6/a_arne_weverling https://www.linkedin.com/in/arne-weverling-5669b61a/
,,,,Directeur Awesome consultancy apr 2021 - heden ,zelfstandig adviseur,Awesome consultancy,apr. 2021,,
afkoel,VVD,Martin Wörsdörfer ,2017,voorzitter Holland Quaestor (de branch vereniging voor trustkantoren in Nederland),brancheorganisatie & koepels,Holland Quaestor,1 juli 2021,"voorzitter Stichting The Hague United for Peace & Justice, vanaf januari 2018",https://www.linkedin.com/in/martinworsdorfer/
,VVD,Thierry Aartsen,2018,Nogsteeds Tweede Kamerlid ,Tweede Kamerlid,,,"voorzitter Raad van Toezicht Stichting Kermissen Breda, vanaf 31 mei 2021",
,VVD,Bente Becker,2017,Tweede Kamerlid,Tweede Kamerlid,,,"
lid bestuur Stichting Collectie Museum MORE, van 2016 tot 1 november 2017",
,VVD,Zohair El Yassini,2017,Tweede Kamerlid,Tweede Kamerlid,,,"directeur SDManagement B.V., vanaf 2014
directeur Shinken Holding B.V., vanaf 2014",
,VVD,Tobias van Gent,2018,Docent University College Roosevelt,Overige,University College Roosevelt,april 2021,"
gastdocent University College Roosevelt Middelburg, vanaf september 2018, vaste aanstelling sinds 2021",https://www.linkedin.com/in/tobias-van-gent-584b1811/
,VVD,Rudmer Heerema,2013,Tweede Kamerlid,Tweede Kamerlid,,,"lid bestuur Yvonne van Gennip Talentenfonds, van juli 2017 tot 1 november 2017",
,VVD,Sophie Hermans,2017,Tweede Kamerlid,Tweede Kamerlid,,,"voorzitter Stichting Intern Fonds, van 2006 tot 1 december 2018",
,VVD,Daniel Koerhuis,2017,Tweede Kamerlid,Tweede Kamerlid,,,bouwlobby,
,VVD,Dennis Wiersma,2017,Tweede Kamerlid,Tweede Kamerlid,,,"lid bestuur Kenniscentrum Handel, van januari 2012 tot oktober 2013
adviseur innovatie, Start Foundation (maatschappelijke investeerder), vanaf februari 2016",
,VVD,Malik Azmani,2010,Sinds 2 juli 2019 is hij lid van het Europees Parlement en delegatieleider van de VVD.,Publieke domein,Europees Parlement,2 juli 2019,,https://nl.wikipedia.org/wiki/Malik_Azmani
,VVD,Judith Tielen,2017,Tweede Kamerlid,Tweede Kamerlid,,,"penningmeester scouting 'Derde Utrechtse Groep' te Utrecht, vanaf 1 juli 2019
vrijwilliger Rode Kruis, vanaf 1 mei 2021",
,VVD,Mark Harbers,2009,Harbers was staatssecretaris van Justitie en Veiligheid in het kabinet-Rutte III. Daarna verkozen tot kamerlid opnieuw op 11 juni 2019,Tweede Kamerlid,,,"lid Raad van Advies Havenverenging Rotterdam, van 2 november 2011 tot oktober 2017",https://nl.wikipedia.org/wiki/Mark_Harbers
,VVD,Tamara Venrooy-van Ark,2010,NNB,,,,"verkenner' namens de Tweede Kamer bij kabinetsformatie, van 25 maart 2021 tot 2 april 2021 (samen met minister Koolmees)",https://nl.wikipedia.org/wiki/Tamara_Venrooy-van_Ark
afkoel,VVD,Cora van Nieuwenhuizen,2010,"voorzitter Vereniging Energie Nederland, vanaf 1 oktober 2021 (koepelorganisatie van energiebedrijven) ",brancheorganisatie & koepels,Vereniging Energie Nederland,1-10-2021,"voorzitter Raad van Toezicht SPVOZN (Stichting Primair en Voortgezet Onderwijs Zuid-Nederland), van november 2015 tot oktober 2017",https://nl.wikipedia.org/wiki/Cora_van_Nieuwenhuizen
,VVD,Klaas Dijkhoff,,"mede-eigenaar Adviesbureau ""Sue Behavioural"", vanaf maart 2021 (gedragsinzicht, strategie en positionering)",zelfstandig adviseur,SUE & the Alchemists,1-3-2021,In mei 2021 werd bekend dat hij als toezichthouder zitting neemt in de raad van commissarissen van voetbalclub PSV. - (Klaas) Dijkhoff wordt met ingang van 1 mei senior research fellow bij de Nederlandse School voor Openbaar Bestuur.,https://nl.wikipedia.org/wiki/Klaas_Dijkhoff
,VVD,Barbara Visser,2010,Sinds 26 oktober 2017 is zij staatssecretaris van Defensie in het kabinet-Rutte III.,Tweede Kamerlid/minister,,,-,https://nl.wikipedia.org/wiki/Barbara_Visser_(politicus)
,VVD,Erik Ziengs,2010,"Erik Ziens advies, eigen adviesbureau",zelfstandig adviseur,Erik Ziengs advies,april 2021,"
voorzitter Liberale Club van 100 in Drenthe, vanaf 2010
- 
lid Raad van Toezicht Internationaal Perscentrum ""Nieuwspoort"", vanaf februari 2015",https://nl.wikipedia.org/wiki/Erik_Ziengs
afkoel,VVD,André Bosman,2010,"Bosman werkt bij Uniper Benelux N.V. als
Director Corporate Communication and Government Relations",Bedrijf,Uniper Benelux,1 juli 2021,"
plaatsvervangend lid NAVO-assemblee (commissie voor defensie en veiligheid), vanaf april 2019
- 
plaatsvervangend lid Delegatie naar de Raadgevende Interparlementaire Beneluxraad",https://nl.wikipedia.org/wiki/Andr%C3%A9_Bosman
,VVD,Bas van 't Wout,2012,Sinds 20 januari 2021 is hij minister van Economische Zaken en Klimaat in het demissionaire Kabinet-Rutte III,Tweede Kamerlid,,,,https://nl.wikipedia.org/wiki/Bas_van_%27t_Wout
,VVD,Remco Dijkstra,2012,"Bureau DKSTR, coach, trainer en adviseur",Bedrijf,Bureau DKSTR,september 2021,"lid bestuur (secretaris) Woonstichting ""De Driestad"" te Culemborg, van 2008 tot 1 oktober 2012
voorzitter Vereniging Onderhoud Linge, van 1 januari 2010 tot 1 oktober 2012",https://nl.wikipedia.org/wiki/Remco_Dijkstra
,VVD," 
Ockje Tellegen",2012,Tweede Kamerlid ,Tweede Kamerlid,,,"lid bestuur Stichting Machiavelli, vanaf 1 januari 2020
tijdelijk voorzitter hockeyclub ""Klein Zwitserland"", vanaf 24 november 2021",https://nl.wikipedia.org/wiki/Ockje_Tellegen
,VVD,Roald van der Linde,2012,Sinds mei 2021 is hij wethouder van Amersfoort.,Tweede Kamerlid,Wethouder Amersfoort,25 mei 2021,"secretaris Stichting voor Politiek-Wetenschappelijk Onderzoek, vanaf 16 november 2017",https://nl.wikipedia.org/wiki/Roald_van_der_Linde
,VVD,Aukje de Vries,2012,zij sinds 8 november 2012 lid van de Tweede Kamer der Staten-Generaal. De Vries is financieel woordvoerder.,Tweede Kamerlid,,,"voorzitter Partner Council Aletta Jacobs School of Public Health, vanaf 1 december 2019",https://nl.wikipedia.org/wiki/Aukje_de_Vries
afkoel?,VVD,Jeroen van Wijngaarden,2019,Tweede Kamerlid ,Tweede Kamerlid,,20 februari 2019,"lid parlementaire assemblée Raad van Europa, vanaf februari 2021",https://www.parlement.com/id/vjkljup9bgw0/j_jeroen_van_wijngaarden
,VVD,Dilan Yesilgöz-Zegerius,2017,"Tweede Kamerlid & staatssecretaris van Economische Zaken en Klimaat (belast met klimaat en energie), vanaf 25 mei 2021",Tweede Kamerlid,,,,
afkoel,VVD,Leendert de Lange,2015,Als strategisch adviseur/interimmer werkte de Lange tussen zijn twee Kamerperiodes in voor een half jaar voor Dietz: strategie en advies. ,public affairs kantoor,Dietz: strategie en advies,1 april 2017,,
,,,,Op 2 juli 2019 nam De Lange afscheid als lid van de Tweede Kamer in verband met zijn benoeming tot burgemeester van Wassenaar.[1] Op 5 juli werd hij benoemd als burgemeester van Wassenaar,Publieke domein,Burgermeester van Wassenaar,5 juli 2019,,
afkoel,VVD,Helma Lodders,2010,"Nog geen nieuwe hoofdfunctie maar voorzitter stichting Vee & Logistiek Nederland, vanaf mei 2021",brancheorganisatie & koepels,stichting Vee & Logistiek Nederland,mei 2021,,
,,,,"voorzitter Vergunde NederLandse Online Kansspelaanbieders (VNLOK), vanaf 9 september 2021",brancheorganisatie & koepels,Vergunde NederLandse Online Kansspelaanbieders (VNLOK),9 september 2021,,
,,,,zelfstandig adviseur bij @lodders belangen behartiging,zelfstandig adviseur,@lodders belangen behartiging,juli 2021,,
,VVD,Chantal Natalie Antoinette Nijkerken-de Haan,2015,"wethouder (van onder meer sociaal domein, integratie, armoedebeleid, arbeidsmarkt, cultuur, jeugdbeleid, volksgezondheid, leefbaarheid en sport) van Venray, vanaf 21 juli 2021",Publieke domein,Wethouder van Venray,21 juli 2021,,https://nl.wikipedia.org/wiki/Chantal_Nijkerken-de_Haan
afkoel,VVD,Halbe Zijlstra,2006,Begin november 2018 ging hij aan de slag als 'strategiedirecteur' bij bouwonderneming VolkerWessels.,Bedrijf,"N.V. Koninklijke ""VolkerWessels""",november 2018,,https://nl.wikipedia.org/wiki/Halbe_Zijlstra
,VVD,Foort van Oosten,2012,Sinds 20 februari 2019 is Van Oosten burgemeester van Nissewaard.,Publieke domein,Burgemeester van Nissewaard,20 februari 2019,"
lid bestuur Veiligheidsregio Rotterdam-Rijnmond, vanaf februari 2019",https://nl.wikipedia.org/wiki/Foort_van_Oosten
afkoel,VVD,Jan Middendorp,2017,"adviseur bij Techleap.nl, vanaf april 2021",Bedrijf,Techleap.nl,april 2021,,
,VVD,Hayke Veldman,2014,Eigenaar/Adviseur Bureau Veldman,zelfstandig adviseur,Bureau Veldman,2010,"Adviseur strategie  Medicorps.nl, Rekenkamer Tilburg",
,VVD,"
Anne Mulder",2010,"In september 2020 verliet Anne Mulder inderdaad de Tweede Kamer om in de gemeente Den Haag wethouder Financiën, Stadsontwikkeling en stadsdeel Scheveningen te worden. Op 16 september 2020 werd hij als zodanig geïnstalleerd",Publieke domein,Wethouder gemeente Den Haag,16 september 2020,"
lid bestuur Stichting voor Mondiale Tuberculosebestrijding (SMT), vanaf 1 december 2019
- 
lid curatorium Rijksacademie voor Financiën, Economie en Bedrijfsvoering, vanaf 1 juli 2019",https://nl.wikipedia.org/wiki/Anne_Mulder
wel als minister ,VVD, Edith Schippers,2003,lid Raad van Bestuur N.V. Koninklijke DSM Nederland,Bedrijf,Chemie bedrijf DSM Nederland,1 februari 2019,"
formateur collegevorming gemeente 's-Gravenhage, van 11 april 2018 tot 28 mei 2018",https://nl.wikipedia.org/wiki/Edith_Schippers
,VVD, Jeanine Hennis-Plasschaert,2004,hoofd van de Bijstandsmissie van de Verenigde Naties voor Irak (UNAMI).,Publieke domein,Verenigde Naties,1 november 2018,"- 
lid Global Future Council, ""The future of International Security World Economic Forum"", vanaf november 2016
- 
voorzitter Stichting Nationale Kinderherdenking 4 mei in Madurodam, vanaf januari 2018",https://nl.wikipedia.org/wiki/Jeanine_Hennis-Plasschaert
,VVD,  Fred Teeven,2010,Managing Partner bij lobbykantoor Meines Holla & Partners,public affairs kantoor,Meines Holla & Partners,1 november 2019,"voorzitter Raad van Toezicht Partners voor Jeugd, vanaf 15 februari 2018 (samenwerkingsverband van jeugdzorgorganisaties William Schrikker en de Jeugd- & Gezinsbeschermers)
- 
voorzitter VOICE, vanaf 1 januari 2019 (brancheorganisatie van collectieve beheersorganisaties)",https://nl.wikipedia.org/wiki/Fred_Teeven
,,,,"Parttime buschauffeur vervoersbedrijf ""Connexxion"", regio Haarlem",Bedrijf,Connexxion,november 2017,,
,VVD, Anouchka van Miltenburg,2003,Sinds 1 november 2018 is zij directeur-bestuurder van huisartsencoöperatie Nucleuszorg in Zeeuws-Vlaanderen.,brancheorganisatie & koepels,Huisartsencoöperatie Nucleuszorg,1 november 2018,"lid Raad van Toezicht Prezzent, vanaf 1 januari 2018

vorige (2/11)
- 
lid Raadgevende Interparlementaire Beneluxraad, van februari 2016 tot 2017
- 
lid Parlementaire Vergadering van de Raad van Europa, van februari 2016 tot 2017",https://nl.wikipedia.org/wiki/Anouchka_van_Miltenburg
,,,,Per 13 februari 2021 is Van Miltenburg voorzitter van de VVD Regio Zeeland.,Publieke domein,VVD Regio Zeeland,13 februari 2021,,
afkoel,VVD,Halbe Zijlstra,2006,Begin november 2018 ging hij aan de slag als 'strategiedirecteur' bij bouwonderneming VolkerWessels.,Bedrijf,"N.V. Koninklijke ""VolkerWessels""",november 2018,,https://nl.wikipedia.org/wiki/Halbe_Zijlstra
,VVD,Frans Weekers,1998,"eigenaar Frans Weekers Consultancy, vanaf maart 2015",zelfstandig adviseur,Drabs Weekers Consultancy ,1 maart 2015,,
,,,,"Bewindvoerder EBRD (Europese Bank voor Wederopbouw en Ontwikkeling) te Londen, van 1 mei 2016 tot 1 maart 2020 ",Publieke domein,Europese Bank voor Wederopbouw en Ontwikkeling,1 mei 2020,"eigenaar Frans Weekers Consultancy, vanaf maart 2015
- 
lid Raad van Toezicht Maastricht School of Management, vanaf april 2016",https://nl.wikipedia.org/wiki/Frans_Weekers
,,,,Sinds 1 maart 2020 is hij adjunct-secretaris-generaal van de Benelux Unie (intergrovenmenteel samenwerkingsverband),Publieke domein,Benelux Unie,1 maart 2020,,
afkoel,VVD,Betty de Boer,2010,Sinds 1 september 2017 is De Boer werkzaam als relatiemanager bij het Maggie's Center (verpleeg stichting zieke mensen) te Groningen. ,brancheorganisatie & koepels,Maggie's Center Groningen,1 september 2017," Verder is De Boer penningmeester van het bestuur van de Stichting Bunno Mezclado, voorzitter van de Raad van Toezicht van de Stichting Omroep Organisatie Groningen, voorzitter van de Raad van Toezicht van de Stichting BuildinG en voorzitter van de Gebiedscommissie Zuidelijk Westerkwartier.",https://nl.wikipedia.org/wiki/Betty_de_Boer
,,,,Tevens is ze sinds 1 september 2018 interim-directeur van de Regio Groningen-Assen.,Publieke domein,Regio Groningen-Assen (RGA),1 september 2018,,
afkoel,VVD,Han ten Broeke,2006,Algemeen voorzitter Brancheorganisatie: BOVAG (Bond Van Automobielhandelaren en Garagehouders). ,brancheorganisatie & koepels,Bond Van Automobielhandelaren en Garagehouders,24 maart 2020,"
eigenaar Piscean Advice B.V., vanaf 15 augustus 2017
- 
algemeen voorzitter BOVAG (brancheorganisatie auto- en garagebedrijven), vanaf 24 maart 2020",https://nl.wikipedia.org/wiki/Han_ten_Broeke
,,,,"
lid Raad van Bestuur HCSS (Haags Centrum voor Strategische Studies), vanaf 1 januari 2019",Publieke domein,Haags Centrum voor Strategische Studies,1 januari 2019,,
,VVD,Helma Neppérus,2006,Kamerlid tot 2020 - verder niet bekend ,,,,"columnist bij NLroei, vanaf september 2018",https://nl.wikipedia.org/wiki/Helma_Nepp%C3%A9rus
afkoel,VVD,Ard van der Steur,2010,"Van der Steur is sinds 1 januari 2018 directeur van Legaltree, het mede door hem opgerichte advocatenkantoor met vestigingen in Leiden, Amsterdam en Rotterdam.",Bedrijf,Legaltree,1 januari 2018, Hij is voorzitter van de raad van toezicht van Rijksmuseum Slot Loevestein en lid van de raad van toezicht Slachtofferhulp Nederland en Perspectief Herstelbemiddeling.,https://nl.wikipedia.org/wiki/Ard_van_der_Steur
,,,,Voorzitter Nederlandse Veiligheidsbranche,brancheorganisatie & koepels,Nederlandse Veiligheidsbranche,april 2019,,
,,,,Voorzitter vereniging Nederlandse Cateringorganisaties,brancheorganisatie & koepels,Vereniging Nederlandse Cateringorganisaties,augustus 2021,,
,VVD,Ton Elias,2008,zelfstandig adiviseur Elias advies als toezichthouder/dagvoorzitter,zelfstandig adviseur,Ton Elias Advies,april 2017,voorzitter van de Raad van Commissarissen verslavingszorginstelling Rodersana.,https://nl.wikipedia.org/wiki/Ton_Elias
,,,,Wijnimporteur,Overige,zelfstandige,2017,,
,VVD,"
Anne Mulder",2010,"In september 2020 verliet Anne Mulder inderdaad de Tweede Kamer om in de gemeente Den Haag wethouder Financiën, Stadsontwikkeling en stadsdeel Scheveningen te worden. Op 16 september 2020 werd hij als zodanig geïnstalleerd",Publieke domein,Wethouder gemeente Den Haag,16 september 2020,"
lid bestuur Stichting voor Mondiale Tuberculosebestrijding (SMT), vanaf 1 december 2019
- 
lid curatorium Rijksacademie voor Financiën, Economie en Bedrijfsvoering, vanaf 1 juli 2019",https://nl.wikipedia.org/wiki/Anne_Mulder
,VVD,Mark Verheijen,2012,Op dit moment is Verheijen daarnaast zelfstandig bestuursadviseur,zelfstandig adviseur,zelfstandige ,mei 2015,,https://nl.wikipedia.org/wiki/Mark_Verheijen
,,,,"lid gemeenteraad van Venlo, vanaf 29 maart 2018",Publieke domein,Gemeenteraad van Venlo,29 maart 2018,,
,VVD,Malik Azmani,2010,Sinds 2 juli 2019 is hij lid van het Europees Parlement en delegatieleider van de VVD.,Publieke domein,Europees Parlement,2 juli 2019,,https://nl.wikipedia.org/wiki/Malik_Azmani
afkoel,VVD,Pieter Duisenberg,2012,Vanwege zijn benoeming per 1 oktober 2017 als voorzitter van de Vereniging van Universiteiten verliet Duisenberg in 2017 de Tweede Kamer,brancheorganisatie & koepels,de Vereniging van Universiteiten,1 oktober 2017,"
lid Raad van Toezicht NSOB (Nederlands School voor Openbaar Bestuur), vanaf februari 2018
- 
lid Raad van Commissarissen Gasunie, vanaf 22 maart 2020        verleden: formateur collegevorming gemeente Rotterdam, van 19 april 2018 tot 4 juni 2018 (met Paul Rosenmöller)",https://nl.wikipedia.org/wiki/Pieter_Duisenberg
,VVD,Pieter Litjens,2012,wethouder van amsterdam verkeer en vervoer van 2014 - 2018.,Publieke domein,Wethouder van de gemeente Amsterdam,2014,"
lid adviesraad Rijkswaterstaat, vanaf 1 augustus 2018
- 
ambassadeur Strategisch Plan Verkeersveiligheid, vanaf 1 september 2018",https://nl.wikipedia.org/wiki/Pieter_Litjens
>2 jaar,,,," Sinds 15 januari 2019 is hij directeur-bestuurdervan het CROW.  is een Nederlandse stichting die zich opstelt als kennisinstituut voor infrastructuur, openbare ruimte, verkeer en vervoer, en werk en veiligheid. ",brancheorganisatie & koepels,CROW: Kennisplatform decentrale overheden,15 januari 2019,,
afkoel,VVD,Brigitte van der Burg,2006,"Van der Brug is nu ondernemer en voorzitter van de NBBU, de brancheorganisatie van professionele intermediairs op de arbeidsmarkt.",brancheorganisatie & koepels,NBBU (Nederlandse Bond van Bemiddelings- en Uitzendondernemingen),maart 2017,,https://nl.wikipedia.org/wiki/Brigitte_van_der_Burg
afkoel,VVD,Anne-Wil Lucas,2010,Op 6 september 2016 verliet Lucas de Tweede Kamer om voor Startup Delta te gaan werken. ,Bedrijf,StartUp Delta,6 september 2016,"
lid bestuur BeStart, acceleratorprogramma voor circulaire economie in Friesland, vanaf september 2015
- 
voorzitter Raad van Toezicht Innofest, vanaf september 2020",https://nl.wikipedia.org/wiki/Anne-Wil_Lucas-Smeerdijk
,,,,In 2018 stopt zij daar en werd ze kwartiermaker van Kenniscentrum Twente.,Bedrijf,Kenniscentrum Twente,november 2018,,
afkoel,VVD,René Leegte,2010,"Na zijn vertrek uit de Kamer maakte hij in 2015 een doorstart met zijn bedrijf Publieke Zaken, een public affairs bureau waar hij werkzaam is als directeur.",public affairs kantoor,Publieke Zaken,maart 2015,,https://nl.wikipedia.org/wiki/Ren%C3%A9_Leegte
afkoel,VVD,Karin Straus,2010,"Na haar Kamerlidmaatschap werd ze consultant bij ""Rieken & Oomen"" een wervings en selectiebureau",Bedrijf,Rieken & Oomen,september 2017,"lid Raad van Commissarissen Rabobank Roermond-Echt te Roermond, vanaf januari 2018",https://nl.wikipedia.org/wiki/Karin_Straus
,,,,Sinds maart 2019 fractievoorzitter van de VVD in Provinciale Staten van Limburg. ,Publieke domein,Provianciale State van Limburg,maart 2019,,
,VVD,Matthijs Huizing,2010,Partner met de verantwoordelijkheid voor het financieel management van twee bv’s die een medicijn tegen parodontitis en gingivitis ontwikkelen.,Bedrijf,Vitaleech/Auguralis,oktober 2014,hij was ook lid van de ledenraad FNV.,https://nl.wikipedia.org/wiki/Matthijs_Huizing
,,,,Sinds 14 juni 2018 is Huizinging wethouder met onder meer Financiën en Onderwijshuisvesting in zijn portefeuille in de gemeente Oegstgeest. ,Publieke domein,Wethouder gemeente Oegstgeest,juni 2018,,
afkoel,VVD,Bart de Liefde,2010,De Liefde verliet op 19 februari 2016 de Tweede Kamer om belangenbehartiger te worden bij het taxibedrijf Uber,Bedrijf,Uber,2016,Sinds december 2015 is hij tevens voorzitter van de Nederlandse Curling Bond.,https://nl.wikipedia.org/wiki/Bart_de_Liefde
,,,,senior manager public policy bij Bird,Bedrijf,Bird,mei 2018,,
,,,,"governement affairs Nederland, Apple, vanaf maart 2020",Bedrijf,Apple,maart 2018,,
,VVD,Michiel van Veen,2012,Sinds 1 december 2016 is hij burgemeester van de gemeente Gemert-Bakel.,Publieke domein,Burgemeester gemeente Gemert-Bakel,december 2016,,https://nl.wikipedia.org/wiki/Michiel_van_Veen
,VVD,Ybeltje Berckmoes-Duindam,2011,"Onafhankelijk adviseur sociaal domein, sinds maart 2017. ",zelfstandig adviseur,,maart 2017,,https://nl.wikipedia.org/wiki/Ybeltje_Berckmoes-Duindam
zit twee jaar tussen,VVD,Anoushka Schut-Welkzijn,2012,is clustermanager Beleid & Ontwikkeling van de Koninklijke Nederlandse Maatschappij ter bevordering van de Pharmacie (brancheorganisatie voor apothekers) sinds september 2019. ,brancheorganisatie & koepels,de Koninklijke Nederlandse Maatschappij ter bevordering van de Pharmacie,september 2019,,https://nl.wikipedia.org/wiki/Anoushka_Schut-Welkzijn
,,,,Sinds april 2017 heeft zij een eigen adviesbedrijf Pareto Governance.,zelfstandig adviseur,Pareto Governance,april 2017,,
afkoel,VVD,Ingrid de Caluwé,2011,Sinds september 2017 is zij manager public affairs bij Tata Steel Europe.   ,Bedrijf,Tata Steel,september 2017,,https://nl.wikipedia.org/wiki/Ingrid_de_Caluw%C3%A9
,(ex-)VVD,Johan Houwers,2010,Na 2015 door als zelfstandige fractie-Houwers. Werkt nu als makelaar voor zijn eigen kantoor Houvast Makelaars B.V. ,Bedrijf,Houvast Makelaars B.V. ,2001,secretaris Winterswijkse Voetbal Federatie,https://nl.wikipedia.org/wiki/Johan_Houwers
,VVD,Joost Taverne,2010,"Taverne verhuisde rond de zomer 2017 naar New York om daar voor zijn eerdere werkgever, het ministerie van OCW, in dienst te treden als cultureel attaché",Publieke domein,Ministerie OCW,augustus 2017,,https://nl.wikipedia.org/wiki/Joost_Taverne
,VVD,Ronald Vuijk,2012,"promovendus, Radboud Universiteit, vanaf mei 2016",Overige,Radboud Universiteit,mei 2016,"lid bestuur Atlantische Commissie, vanaf april 2013",https://www.parlement.com/id/vj46k5pjygx4/r_ronald_vuijk
,VVD,Sjoerd Potters,2012,Sinds 4 april 2017 is hij burgemeester van de gemeente De Bilt.,Publieke domein,Burgemeester gemeente De Bilt,4 april 2017,"
lid Task Force 'Veilige buurten' Bureau Regionale veiligheidsstrategie (RVS) (als burgemeester), vanaf april 2017
- 
lid Commissie Bestuur en Veiligheid (VNG) (als burgemeester), vanaf april 2017",https://nl.wikipedia.org/wiki/Sjoerd_Potters
,VVD,Remco Bosma,2016,"van 2017 tot 2018 lid van de gemeenteraad van Noordoostpolder. Daarna midden manager team Toezicht, autoriteit woningcorporaties, Inspectie Leefomgeving en Transport, van juni 2018 tot januari 2019. ",Publieke domein,Gemeenteraad Noordoostpolder,maart 2017,"voorzitter Handboogsportvereniging Emmeloord, vanaf 2014",https://www.parlement.com/id/vjt3d7ayk1nk/r_p_g_remco_bosma
,,,,"Daarna midden manager team Toezicht, autoriteit woningcorporaties, Inspectie Leefomgeving en Transport, van juni 2018 tot januari 2019.",Publieke domein,Inspectie Leefomgeving & Transport,juni 2018,,
,,,,Sinds 2019 is Bosma burgemeester Ladel. ,Publieke domein,Burgemeester van Ladel,16 januari 2019,,
afkoel,VVD,Daniël van der Ree,2016,"Associé, Fakton, vanaf september 2018 (vastgoedsector)",public affairs kantoor,Fakton,september 2018,,https://fakton.com/nl/onze-mensen
,,,,Bestuursadviseur en senior beleidsadviseur Wonen voor de Gemeente Amstelveen,Publieke domein,Gemeente Amstelveen,november 2018,,
,,,,"
Adviseur ruimtelijke ontwikkeling, ORAM - Ondernemend Amsterdam op Freelance basis",public affairs kantoor,ORAM - Ondernemend Amsterdam,2020,,
,VVD,Jock Geselschap,2016,"Ministerie van Buitenlandse Zaken
Opdrachtgever aan Rijksdienst voor Ondernemend Nederland
Bedrijfsnaam Ministerie van Buitenlandse Zaken
Datums dienstverbandjun. 2014 – heden
",Publieke domein,Ministerie van Buitenlandse Zaken,2014,,https://www.linkedin.com/in/jockgeselschap/?originalSubdomain=nl
,VVD,Perjan Moors,2014,"
interim-manager Wavesurfer, project- en interim-management, vanaf maart 2017",Bedrijf,Wavesurfer,2017,,
,,,,"
Project en Interim manager I-Interim Rijk: Rijkscollega’s voor het realiseren van I-ambities.",Publieke domein,"
I-Interim Rijk",september 2019,,
,PvdA,Lodewijk Asscher,2012,"
advsieur gemeente Heerlen voor stedelijk vernieuwingsprogramma Heerlen-Noord, vanaf mei 2021",Publieke domein,Gemeente Heerlen,mei 2021,"lid bestuur Stichting ""Hans Vonk"", vanaf 2004",https://www.parlement.com/id/vj42f8sqgyr4/l_f_lodewijk_asscher
,,,,"
'aanjager' Centrum voor Veiligheid en Digitalisering te Apeldoorn, vanaf september 2021",Publieke domein,Gemeente Apeldoorn,september 2021,,
,PvdA,Sharon Dijksma,2017,"wethouder (van verkeer en vervoer, water en luchtkwaliteit) van Amsterdam, van 30 mei 2018 tot 16 december 2020
",Publieke domein,"Gemeente Amsterdam, Gemeente Utrecht",mei 2020,,https://www.parlement.com/id/vg09lll5uqzx/s_a_m_sharon_dijksma
,,,,"burgemeester van Utrecht, vanaf 17 december 2020 (geïnstalleerd op 16 december)",Publiek domein,Gemeente Utrecht,17 december 2020,,
,PvdA,Kirsten van den Hul,2017,NNB (10/10),,,,"gastdocent Haagse Hogeschool, vanaf januari 2015",https://www.parlement.com/id/vka9bffbivxk/k_a_e_kirsten_van_den_hul
,PvdA,Jeroen Dijsselbloem,2017,Hij was van 21 januari 2013 tot 13 januari 2018 de voorzitter van de Eurogroep en in die hoedanigheid tevens voorzitter van de raad van gouverneurs van het Europees Stabiliteitsmechanisme. ,Publieke domein,Eurogroep,21 januari 2013,Vanaf mei 2019 is hij ook voorzitter van Vereniging Natuurmonumenten als opvolger van Hans Wijers.[22] Sinds 1 april 2019 is Dijsselbloem voorzitter van de raad van toezicht van Wageningen University & Research. Op 30 maart 2021 werd hij benoemd tot als voorzitter van de onafhankelijke commissie van het Nationaal Groeifonds. ,https://nl.wikipedia.org/wiki/Jeroen_Dijsselbloem
,,,,Daarna in 2019: voorzitter van de Onderzoeksraad voor Veiligheid (OVV),Publieke domein,Onderzoekraad voor Veiligheid,mei 2019,,
,PvdA,William Moorlag,2017,Associate Publieke Zaken: zelfstandig adviseur,zelfstandig adviseur,Associate Publieke Zaken,april 2021,"
lid bestuur pensioenuitvoerder PGGM, van 2007 tot 2009",https://www.linkedin.com/in/william-moorlag-59011312/
,PvdA,Gijs van Dijk,2017,Tweede Kamerlid,Tweede Kamerlid,,,,
,PvdA,Lilianne Ploumen,2017,Tweede Kamerlid (en fractievoorzitter),Tweede Kamerlid,,,,
,PvdA,Khadija Arib,1998,"Vanaf 12 december 2015 waarnemend voorzitter, daarna verkozen tot Kamer voorzitter tot 2021, nu weer Tweede Kamerlid PvdA",Tweede Kamerlid,,,"voorzitter curatorium Internationaal Perscentrum ""Nieuwspoort"", vanaf januari 2016
- 
lid Raad van Advies Carnegiestichting, vanaf januari 2016",https://www.parlement.com/id/vg09lljpk5z1/k_khadija_arib
,PvdA,Attje Kuiken,2006,Tweede Kamerlid,Tweede Kamerlid,,,"lid Adviesraad Leergang persoonlijk leiderschap in het publieke domein van MW&V en trainer in deze leergang, vanaf 1 juni 2018 (beiden 1x per jaar)",https://nl.wikipedia.org/wiki/Attje_Kuiken
,PvdA,Henk Nijboer,2012,"Lid van de tweede kamer fractie PvdA, en is hij sinds juni 2018 lid van het Presidium",Tweede Kamerlid,,,,https://www.parlement.com/id/vj0kbdgay2k7/h_henk_nijboer
,PvdA,John Kerstens,2012,"zelfstandig adviseur pensioen, sociaal domein en arbeidsmarkt, van mei 2017 tot 1 juni 2018",zelfstandig adviseur,Zelfstandig adviseur,1 mei 2017,,https://www.parlement.com/id/vj0kbccdapk6/j_w_m_john_kerstens
afkoel,,,,sinds 2021 Voorzitter Koepel Gepensioneerden (de grootste seniorenorganisatie van Nederland) en toezichthouder. ,brancheorganisatie & koepels,Voorzitter Koepel Gepensioneerden,1 april 2021,"lid bestuur 'Mijn carrière', vanaf 1 april 2018
lid Raad van Commissarissen Bouw- en Infrapark, vanaf 1 januari 2018 en 
voormalig voorzitter Sociaal Fonds Huisartsenzorg",
afkoel,PvdA,Diederik Samsom,2003,"Vanaf 2017 werkte Samsom parttime als adviseur van een afval- en energiebedrijf in Alkmaar,  bij energiebedrijf HVC ",Bedrijf,Energiebedrijf HVC,juni 2017,"voorzitter sectortafel Gebouwde Omgeving, Klimaatberaad, van februari 2018 tot december 2019 en lid Raad van Commissaris EBN (Energie Beheer Nederland), van maart 2018 tot 31 oktober 2019",https://nl.wikipedia.org/wiki/Diederik_Samsom
,,,,"Op 11 september 2019 werd bekend dat Samsom benoemd is als kabinetschef van Europees commissaris Frans Timmermans, die belast is met de uitvoering van het EU-klimaatbeleid.",Publieke domein,Europese Commissie,1 november 2019,,
,PvdA,Jetta Klijnsma,2008,Sinds 1 december 2017 is zij commissaris van de Koning in de provincie Drenthe.,Publieke domein,Provincie Drenthe,1 december 2017,"zij ambassadeur van het Liliane Fonds[9], voorzitter van de Raad van Toezicht van Stichting Resto VanHarte[10], voorzitter van het Bestuur van Stichting De Dutch Don’t Dance Division[11] en lid van het Adviescommissie uitvoering toeslagen van het ministerie van Financiën.",https://nl.wikipedia.org/wiki/Jetta_Klijnsma
afkoel,PvdA,Ronald Plasterk,2007,"Na zijn positie als minister ging Plasterk per 1 december 2017 aan de slag als Chief Scientific Officer bij myTomorrows in Amsterdam. Deze onderneming bemiddelt tussen patiënten, artsen, overheden en farmaceutische bedrijven over een snellere beschikbaarheid van nieuwe medicatie. ",Bedrijf,myTomorrows,december 2017-heden,Naast zijn werk bij Frame is Plasterk sinds september 2018 weer werkzaam aan de Universiteit van Amsterdam als hoogleraar Novel strategies for access to therapeutics.[2],https://nl.wikipedia.org/wiki/Ronald_Plasterk
,,,,Sinds januari 2019 is hij CEO en oprichter van Frame Cancer Therapeutics,Bedrijf,Frame Cancer Therapeutics,1-1-2019-heden,,
,,,,"
hoogleraar Novel Strategies to Access to Therapeutics, Universiteit van Amsterdam, vanaf 1 oktober 2018 (ontwikkeling en het toegankelijk maken van gepersonaliseerde geneeswijzen)",Overige,Universiteit van Amsterdam,1-10-2018-heden,,
,,,,Columnist voor De Telegraaf,Overige,De Telegraaf,april 2021,,
,PvdA,Tanja Jadnanansing,2010,"programmamanager strategie en externe betrekkingen, Albeda College te Rotterdam, van 1 september 2016 tot juni 2018",Overige,Albeda College,september 2016,,
,,,,Sinds 2018 is Jadnanansing voorzitter van het Dagelijks Bestuur van stadsdeel Amsterdam Zuidoost,Publieke domein,Gemeente Amsterdam,mei 2018,"Zij aanvaardde een functie in het onderwijs, als programmamanager Strategie en Externe betrekkingen op het Albeda College, een mbo-school in Rotterdam.[1]",https://nl.wikipedia.org/wiki/Tanja_Jadnanansing
afkoel,PvdA,Lutz Jacobi,2006,Na de verkiezingen werd ze voorzitter van de PvdA-fractie in de gemeenteraad van Leeuwarden.,Publieke domein,Gemeente Leeuwarden,2 januari 2018,,https://nl.wikipedia.org/wiki/Lutz_Jacobi
,,,,Vanaf 1 mei 2018 is Jacobi directeur van de Waddenvereniging.[6] Vanaf 1 januari 2019 is Lutz Jacobi voorzitter van het Jopie Huisman Museum in Workum. ,brancheorganisatie & koepels,de Waddenvereniging,1 mei 2018,,
,PvdA,Mariëtte Hamer,1998, Sinds 10 september 2014 is zij voorzitter van de Sociaal-Economische Raad.,Publieke domein,Sociaal-Economische Raad,10 september 2014,Op 12 mei 2021 werd Hamer benoemd tot informateur voor de kabinetsformatie van dat jaar.,https://nl.wikipedia.org/wiki/Mariëtte_Hamer
,PvdA,Martijn van Dam,2003,Sinds 2017 is hij lid van de Raad van Bestuur van de Nederlandse Publieke Omroep (NPO),Overige,Nederlandse Publieke Omroep,1 september 2017, het voorzitterschap van de stichting STRP,https://nl.wikipedia.org/wiki/Martijn_van_Dam
,PvdA,Frans Timmermans,1998,"sinds 1 december 2019, Eurocommissaris en tevens de eerste vicevoorzitter van de commissie-Von der Leyen.",Publieke domein,Europese Commissie,1 december 2019,,https://nl.wikipedia.org/wiki/Frans_Timmermans_(politicus)
,PvdA,Désirée Bonis,2012,"Bonis was de Nederlandse ambassadeur in Marokko (2016-2020), nadat ze in 2013 de Kamer verliet. Sinds 2021 is Bonis de Nederlandse Tijdelijk Zaakgelastigde in Italië.",Publieke domein,Ambassade Morokko,2016,,https://nl.wikipedia.org/wiki/Désirée_Bonis
,,,,"ambassadeur te Boedepast, vanaf augustus 2021",Publieke domein,Ambassade Boedapest,augustus 2021,,
afkoel,PvdA,Roos Vermeij,2006,Verweij was van 15 augustus 2017 tot 16 februari 2021 bestuurder Pensioenbeleid & Communicatie bij het pensioenfonds Pensioenfonds van de Metalektro (PME).,Bedrijf,Pensioenfonds van de Metalektro,15 augustus 2017,,https://nl.wikipedia.org/wiki/Roos_Vermeij
,,,,"Sinds 18 februari 2021 is zij namens de PvdA wethouder van Rotterdam en heeft zij in haar portefeuille Economie, wijken en kleine kernen.",Publieke domein,Wethouder van Rotterdom,18 februari 2021,,
afkoel,PvdA,Henk Leenders,2013,"adviseur bij Mill Home (producent modulaire gebouwen), vanaf mei 2017",Bedrijf,Mill Home,maart 2017,"
lid Raad van Toezicht Stichting ""Het PON"", vanaf januari 2016
- 
voorzitter Fauna Beheer Eenheid Noord-Brabant",https://www.parlement.com/id/vjcm9du9yiz5/h_j_m_henk_leenders
,,,,sinds 2019 ook bij adviseur bij Smart Links,public affairs kantoor,Smart Links,augustus 2019,,
,,,,Freelance onderzoeker het PON & Telos,Overige,het PON & Telos,juli 2021,,
,PvdA,Ahmed Marcouch,2010,Sinds 1 september 2017 is hij burgemeester van de gemeente Arnhem,Publieke domein,Burgemeester gemeente Arhnem,1 september 2017,,https://nl.wikipedia.org/wiki/Ahmed_Marcouch
,PvdA,Angelien Eijsink,2003,"zelfstandig adviseur bij projecten rondom Veiligheid, krijgsmacht en integriteitsvraagstukken. (Uit hoofde daarvan lid van verschillende adviescommissies en het stichtingsbestuur van de Invictus Games 2020 in Nederland)",zelfstandig adviseur,Zelfstandig adviseur,augustus 2017,"
voorzitter bestuursraad CAOP (kenniscentrum arbeidszaken), vanaf 1 januari 2019",https://nl.wikipedia.org/wiki/Angelien_Eijsink
>2 jaar,,,,Voorzitter van de Stichting Nederlandse Industrie voor Defensie en Veiligheid ,brancheorganisatie & koepels,de Stichting Nederlandse Industrie voor Defensie en Veiligheid (NIDV),1 oktober 2021,,
>2 jaar tussen,PvdA,Myrthe Hilkens,2011,"een Nederlands freelance journalist, Daarnaast was ze publiciste ""Nijgh en Van Ditmar"", van 2013 tot september 2019. ",Overige,Nijgh en Van Ditmar,2013,,https://www.parlement.com/id/vieq19fcg0mx/m_myrthe_hilkens
,,,,"mede-eigenaar ""Hilkens & Gromminger"" BV, strategie, communicatie en verandering, vanaf september 2019",public affairs kantoor,Hilkens & Gromminger,2019,,
,PvdA,Michiel Servaes,2012,"plaatsvervangend directeur directie sociale ontwikkeling, directoraat-generaal Internationale Samenwerking, ministerie van Buitenlandse Zaken, van november 2017 tot 1 augustus 2018",Publieke domein,ministerie van Buitenlandse Zaken,november 2017,,
,,,,Vanaf 1 oktober 2018 is Servaes directeur bij Oxfam Novib.,ngo,Oxfam Novib,1 oktober 2018,,https://nl.wikipedia.org/wiki/Michiel_Servaes
afkoel,PvdA,Lea Bouwmeester,2006,"
senior adviseur ECP Platform voor de InformatieSamenleving, vanaf juni 2017
",ngo,ECP Platform voor de InformatieSamenleving,juni 2017,"lid Strategische Adviesraad TNO, onderdeel Gezond Leven, vanaf oktober 2018
- 
lid Raad van Toezicht Sint Antonius Ziekenhuis te Utrecht, vanaf 1 oktober 2020",https://nl.wikipedia.org/wiki/Lea_Bouwmeester
,,,,"
directeur NDF (Nederlandse Diabetes Federatie), van 1 juli 2017 tot 1 oktober 2018",brancheorganisatie & koepels,Nederlandse Diabetes Federatie,1 juli 2017,,
afkoel,PvdA,Jacques Monash  ,2010,"Nadat hij stopte als fractievoorzitter fractie lid-Monasch, werd Monash strategisch adviseur bij strategisch adviesbureau ""WePublic""",public affairs kantoor,WePublic,september 2017,"docent internationaal recht, KIM (Koninklijk Instituut voor de Marine)
- 
voorzitter stichting Erkende Restauratiekwaliteit Monumentenzorg, vanaf 12 juni 2019",https://nl.wikipedia.org/wiki/Jacques_Monasch
,PvdA,Mei Li Vos,2007,"Sinds 11 juni 2019 is ze lid van de Eerste Kamer, tevens is ze er fractieleider",Publieke domein,Eerste Kamer,11 juni 2019,"In 2020 geeft ze aan dat ze deze functie niet meer kan combineren met het vice-voorzitterschap van de Alternatief voor Vakbond, waarop ze aangeeft dit vice-voorzitterschap te willen opgeven.",https://nl.wikipedia.org/wiki/Mei_Li_Vos
,,,,"directeur Stichting NDI (Nederlands Debat Instituut), vanaf 1 juni 2021",ngo,Nederlands Debat Instituut,1 juni 2021,,
,PvdA,Jeroen Recourt,2010,Op 11 juni 2019 werd hij geïnstalleerd als lid van de Eerste Kamer.,Publieke domein,Eerste Kamer,11 juni 2019,"voorzitter Regionaal Tuchtcollege voor de Gezondheidszorg voor Noord-Holland en Utrecht, van 1 september 2017 tot 1 februari 2021                                                                  - -voorzitter Regionale Toetsingscommissies Euthanasie Noord-Holland en coördinerend voorzitter, vanaf 1 februari 2021
- 
lid algemeen bestuur Stichting Geneesmiddelenbulletin, vanaf 1 februari 2021",https://www.parlement.com/id/vif319tldvy1/j_jeroen_recourt
,,,,"Na zijn Tweede Kamerlidmaatschap werd hij opnieuw rechter: rechter-plaatsvervanger Rechtbank Amsterdam, van september 2017 tot mei 2019",Overige,Rechtbank Amsterdam,september 2017,,
afkoel,PvdA,Agnes Wolbert,2006,Sinds 2017 is Agnes Wolbert directeur van de NVVE = Nederlandse Vereniging voor een Vrijwillig Levenseinde. ,brancheorganisatie & koepels,Nederlandse Vereniging voor een Vrijwillig Levenseinde,1 juni 2017,"lid Adviesraad Bewonersbedrijf 'Op eigen houtje' te Emmen, vanaf maart 2015 & lid bestuur Stichting HOPE (Holland Office for Personal Encouragement), vanaf 16 juni 2015",https://nl.wikipedia.org/wiki/Nederlandse_Vereniging_voor_een_Vrijwillig_Levenseinde
,PvdA,Ed Groot,2010,reacteur en columnist economie en politiek (oa voor het FD),Overige,Financieel dagblad ,2017,Voorts is hij bestuurslid van de Nederlandse Vereniging voor Arbeidsverhoudingen (NVA),https://www.parlement.com/id/viek19ok6vzw/v_a_ed_groot
,PvdA,Pierre Heijnen,2007,Sinds 1 september 2013 is hij voorzitter van het College van Bestuur van ROC Mondriaan in Den Haag. ,Overige,ROC Mondriaan ,1 september 2013,"lid Raad van Toezicht Platform Beta techniek, vanaf september 2016
- 
lid Raad van Commissarissen Stichting Stadsherstel te 's-Gravenhage, vanaf november 2011 
- 
lid Adviesgroep Delft Herstelt, vanaf 1 september 2015
- 
voorzitter Raad van Toezicht ""Het Nationale Theater"", van januari 2017 tot 1 januari 2019",https://nl.wikipedia.org/wiki/Pierre_Heijnen https://www.parlement.com/id/vhekc59my600/p_m_m_pierre_heijnen
,PvdA,Marith Volp,2013,"directeur Bedrijfsvoering divisie acute en forensische psychiatrie bij GGZ Noord-Holland-Noord, vanaf maart 2018 ",Overige,GGZ Noord-Holland Noord,maart 2018,,https://nl.wikipedia.org/wiki/Marith_Volp
,,,,"directeur Volksgezondheid en Zorg, RIVM (Rijksinstituut voor Volksgezondheid en Milieu), vanaf 1 september 2020",Publieke domein,RIVM,september 2021,,
,PvdA,Keklik Yücel,2010,"zelfstandig adviseur van onderwijsinstellingen en publieke organisaties, van 2017 tot mei 2021",zelfstandig adviseur,zelfstandig adviseur,mei 2017,"lid bestuur Theaterproductiehuis ""Janke Dekker"", vanaf december 2017
- 
voorzitter Raad van Toezicht Stichting Uitgestelde Kinderfeestjes, vanaf januari 2018",https://www.parlement.com/id/vicnlcne4jzp/k_keklik_yucel
,,,, Is sinds 2021 directeur van Academie Mens en Arbeid van Saxion Hogeschool.,Overige,Saxion Hogeschool,15 mei 2021,,
afkoel,PvdA,Loes Ypma,2012, In 2018-2019 was zij wethouder in Almere,Publieke domein,Wethouder in Almere,19 juli 2018,Zij is lid van de Raad van Toezicht van de Kindertelefoon en lid van de monitoringscommissie code pensioenfondsen,https://www.parlement.com/id/vj0rbs37iyln/l_loes_ypma
,,,,in 2017-2018 directeur-bestuurder van de Nederlandse vereniging Verus.,brancheorganisatie & koepels,Verus,1 oktober 2017,,
,,,,voorzitter Branchevereniging Maatschappelijke Kinderopvang,brancheorganisatie & koepels,Branchevereniging Maatschappelijke Kinderopvang,februari 2021,,
,PvdA,Albert de Vries,2012,"voorzitter NRP 'Spaar het Klimaat', (Nationaal Platform voor Transformatie en Renovatie), vanaf 1 januari 2018",brancheorganisatie & koepels,Nationaal Platform voor Transformatie en Renovatie,1 januari 2018,"voorzitter Raad van Toezicht Stichting Respont, vanaf maart 2019  - lid Raad van Commissarissen woningcorporatie Woongoed Zeeuws-Vlaanderen, vanaf 1 januari 2019",https://www.parlement.com/id/vj0rd5w56pdo/a_a_albert_de_vries
,,,,"Ambassadeur/kwartiermaker Zuid West Nederland voor Stichting Driestroom te Elst, vanaf 1 januari 2018",ngo,Stichting Driestroom te Elst,1 januari 2018,,
,PvdA,Otwin van Dijk,2012,Op 5 juli 2016 beëindigde hij zijn lidmaatschap van de Tweede Kamer in verband met zijn benoeming op 8 juli 2016 tot burgemeester van de gemeente Oude IJsselstreek,Publieke domein,Burgemeester Gemeente Oude IJsselstreek,8 juli 2016,"Naast zijn nevenfuncties ambtshalve[5] is Van Dijk voorzitter van de Raad van Toezicht van de Patiëntenfederatie Nederland[6], lid van de Raad van Advies van Handicap en Studie.[7], voorzitter van de programmaraad van het kenniscentrum langdurige zorg Vilans[8], ambassadeur van het VNG-project VN-Verdrag Handicap[9], voorzitter van het Nederlands Keurmerk voor Toegankelijkheid[10], ambassadeur van Wij Staan Op![11] en ambassadeur van Scholder an Scholder",https://nl.wikipedia.org/wiki/Otwin_van_Dijk
,PvdA,Manon Fokke,2012,gemeenteraadslid in Maastricht vanaf 2018,Publieke domein,Gemeente Maastricht,29 maart 2018,,https://nl.wikipedia.org/wiki/Manon_Fokke
,,,,"directeur NVRR (Nederlandse Vereniging van Rekenkamers en Rekenkamercommissies), vanaf 1 mei 2021",brancheorganisatie & koepels,Nederlandse Vereniging van Rekenkamers en Rekenkamercommissies,1 mei 2021,,
afkoel,PvdA,Mohammed Mohandis,2012,Sinds 2015 is Mohandis lid van de Raad van Toezicht[3] van Stichting GoudApot.,ngo,Stichting GoudApot,29 maart 2018,"lid college ambassadeurs, Goudse Weekendschool, vanaf oktober 2017 - voorzitter Stichting Combo (uitvoeringsorganisatie van de combinatie van belangenbehartigers van scholieren), vanaf 1 maart 2020",https://nl.wikipedia.org/wiki/Mohammed_Mohandis
,,,,"
Senior Public Affairs en Strategisch Adviseur bij mboRijnland
",public affairs kantoor,mboRijnland,september 2018,,
,,,,"lid gemeenteraad van Gouda, vanaf 29 maart 2018",Publieke domein,Gemeente Gouda,29 maart 2018,,
,PvdA,Sjoera Dikkers,2010,"relatie- en gezinstherapeut, vanaf mei 2017, coach Dikkers Coaching & Therapie",Overige,Dikkers Coaching & Therapie,januari 2018,,https://www.parlement.com/id/viek19ok7szx/sj_w_sjoera_dikkers
,PvdA,Tjeerd van Dekken,2010,Op 28 maart 2019 werd hij geïnstalleerd als Statenlid.[2] Namens de PvdA was hij fractievoorzitter in de Staten van Groningen. ,Publieke domein,Provinciale Staten van Groningen,28 maart 2019,"Naast zijn Statenlidmaatschap was hij actief als instructeur jeugd en jongeren en was hij voorzitter van de Raad van Bestuur van poppodia Vera en Simplon, voorzitter van het Jeugdfonds Sport Groningen en bestuurslid van de Supportersvereniging FC Groningen",https://nl.wikipedia.org/wiki/Tjeerd_van_Dekken
,,,,"
lid Gedeputeerde Staten (belast met onder meer leefbaarheid, milieu en arbeidsmarkt) van Groningen, vanaf 29 mei 2019",Publieke domein,Gedeputeerde Staten,29 mei 2019,,
afkoel,PvdA,Astrid Oosenbrug,2012,"Op 24 november 2018 werd Oosenbrug verkozen tot voorzitter van het COC, de Nederlandse belangvereniging van homoseksuelen, lesbiennes, biseksuelen, transgenders en mensen met een intersekse-conditie",brancheorganisatie & koepels,COC,24 november 2018,"
programmamanager backme.org, vanaf september 2018
 
voorzitter COC Nederland, vanaf 24 november 2018",https://nl.wikipedia.org/wiki/Astrid_Oosenbrug
,,,,"freelance medewerker GGD GHOR Nederland, vanaf september 2020",Overige,GGD GHOR Nederland,september 2020,,
afkoel,PvdA,Jan Vos,2012,"Vos startte na zijn Kamerlidmaatschap een nieuw bedrijf: MoneyPhone, een financieel-technologische start-up die micro-kredieten verstrekt in opkomende markten.",Bedrijf,MoneyPhone,juni 2018,"
- docent maatschappijleer, Havo-4 te Bussum, vanaf 1 september 2016
publicist en commentator, o.a. bij NCRV Radio 1, tot 2007

lid bestuur Stichting Virtueel Inburgeringsloket, van 2002 tot 2009 (oprichter)",https://www.parlement.com/id/vj2uuxzzq7zj/j_c_jan_vos
,,,,eigenaar en adviseur Guarda-Chuva B.V,zelfstandig adviseur,Guarda-Chuva ,8 januari 2013,,
,PvdA,Marit Maij,2012,"ambtenaar (migratiegezant) ministerie van Buitenlandse Zaken, vanaf mei 2017",Publieke domein,Buitenlandse Zaken,mei 2017,"docent Nederlands, taalles aan vluchtelingen en achtergestelde allochtone vrouwen in Den Haag, Organisatie 'Taal aan Zee', vanaf maart 2015 + bestuursvoorzitter Nederlands Nationaal Comité UN Women, vanaf juli 2018",https://www.parlement.com/id/vj2uuz8n50zk/m_e_marit_maij
,PvdA,Grace Tanamal,2012,"
lid gemeenteraad van Amersfoort, van 29 maart 2018 tot 11 april 2018 (gestopt om gezondheidsredenen). ",Publieke domein,Gemeente Amersfoort,29 maart 2018,"columnist Marinjo Magazine, vanaf 27 maart 2013
- 
lid Raad van Toezicht ""Raffy"", Moluks-Indisch Woonzorgcentrum Breda, vanaf mei 2016",https://www.parlement.com/id/vj2uv3i1tbzr/g_s_i_a_grace_tanamal
,PvdA,Duco Hoogland,2012,"eigenaar Semafoon B.V., vanaf september 2017 (gespreksleiding, communicatie en strategie)
- 
",zelfstandig adviseur,Semafoon,september 2017,"
lid jury Anna Blamanprijs, vanaf maart 2016
- 
trainer bij ""debatrix"", vanaf november 2017",https://www.parlement.com/id/vgdei7c2vgu4/zoeken?u=✓&q=Duco+Hoogland
,,,,"interim-manager public affairs, Recron, vanaf november 2017",public affairs kantoor,Recron,november 2017,,
,,,,Programmamanager Gemeente Dordrecht sinds 2019,Publieke domein,Gemeente Dordrecht,januari 2019,Trainer Debatrix,
>2 jaar tussen,PvdA,Sultan Günal-Gezer,2012,Commissaris IBN Uden,Bedrijf,IBN ,april 2019,columnist/financieel journalist 'het financieele dagblad',https://www.linkedin.com/company/ibn_91075/
,PvdA,Yasemin Çegerek,2013,"wethouder (onder meer belast met werk en inkomen) van Heerde, vanaf 22 mei 2018",Publieke domein,Wethouder van Heerde,22 mei 2018,,https://nl.wikipedia.org/wiki/Yasemin_Çegerek
,PvdA,Roelof van Laar,2013,"sociaal ondernemer op het gebied van kinderrechten (trainer, public affairs, gastdocent). Eigenaar ""onderneem eerlijk""",zelfstandig adviseur,Onderneem Eerlijk,april 2017,,https://www.parlement.com/id/vj7kf3oeg0wl/r_p_roelof_van_laar
,PvdA,Joyce Vermue,2013,Op 9 mei 2019 droeg de gemeenteraad van Zundert Vermue voor als burgemeester van deze gemeente.,Publieke domein,Burgermeester Zundert Vermue,9 mei 2019,,https://nl.wikipedia.org/wiki/Joyce_Vermue
,PvdA,Harm Brouwer ,2015,"programmamanager Noord-Nederland bij overheidsinstelling,gemeente groningen vanaf april 2017",Publieke domein,Gemeente Groningen,september 2019,"
vrijwilliger hospice Gasthuis Groningen, vanaf 2017",https://www.parlement.com/id/vjpljp945uu1/h_harm_brouwer
?,,,,BuroBinnenruimte: Ontwerpen en uitvoeren van rituelen en ceremonies die bijdragen aan zingeving.,Overige,Zelfstandige onderneming,augustus 2020,,
,PvdA,Amma Asante,2016,"Werkt voor zichzelf onder AABA Consultancy (MC Implementatie, vanaf maart 2017)",zelfstandig adviseur,AABA Consultancy,maart 2017,,https://www.bmc.nl
,,,,Voorzitter van de Landelijke CliëntenRaad,brancheorganisatie & koepels,Landelijke cliëntenraad,mei 2019,,
,,,,"Part-time werkzaam bij Movisie als Senior Onderzoeker Sociale Veiligheid
",Overige,Movisie,september 2020,,
,PvdA,Rien van der Velde,2016,"Directielid EBCL Nederland, bedrijfseconomische opleiding",Overige,,2008-heden,"secretaris Stichting EBC*L, the Netherlands te Zeewolde
- 
lid Raad van Advies EBC*L Internationale",https://www.linkedin.com/in/rien-van-der-velde-83a2535/
,,,,Fractievoorzitter PvdA NOP (lokaal),Publieke domein,PvdA-Nop,2010-heden,,
,PvdA,Emre Ünver,2016,"voorzitter/lid bestuur (onder meer belast met openbare orde, veiligheid, financiën, werk, inkomen en participatie, onderwijs, jeugd, welzijn en sport) stadsdeel Amsterdam-Nieuw-West, vanaf 30 mei 2018",Publieke domein,Gemeente Amsterdam,30 mei 2018,,
,PVV,Geert Wilders,1998,Hij is partijleider van de Partij voor de Vrijheid (PVV) en namens deze partij fractieleider in de Tweede Kamer.,Tweede Kamerlid,,," 
eigenaar en enig aandeelhouder ""OnLiberty"" B.V., vanaf februari 2010",https://www.parlement.com/id/vg09llkg6xvb/g_geert_wilders
,PVV,Emiel van Dijk,april 2018-juli 2018 en december 2018-maart 2021,NNB (10/10),,,,,
,PVV,Fleur Agema,2006,Namens de Partij voor de Vrijheid (PVV) maakt ze sinds de Tweede Kamerverkiezingen 2006 deel uit van de Tweede Kamer der Staten-Generaal.,Tweede Kamerlid,,,,https://nl.wikipedia.org/wiki/Fleur_Agema
,PVV,Martin Bosma,2006,Namens de Partij voor de Vrijheid (PVV) is hij sinds 30 november 2006 lid van de Tweede Kamer der Staten-Generaal. ,Tweede Kamerlid,,,,https://nl.wikipedia.org/wiki/Martin_Bosma
,PVV,Teun van Dijck,2006,Namens de Partij voor de Vrijheid (PVV) is hij sinds 30 november 2006 lid van de Tweede Kamer ,Tweede Kamerlid,,,geen info,https://www.parlement.com/id/vgdei7c2vgu4/zoeken?u=✓&u=✓&q=Teun+van+Dijck
,PVV,Harm Beertema,2010,Hij is sinds 17 juni 2010 namens de Partij voor de Vrijheid (PVV) lid van de Tweede Kamer der Staten-Generaal.,Tweede Kamerlid,,,,https://nl.wikipedia.org/wiki/Harm_Beertema
,PVV,Dion Graus,2006,Namens de Partij voor de Vrijheid (PVV) is hij sinds 30 november 2006 lid van de Tweede Kamer ,Tweede Kamerlid,,,,https://www.parlement.com/id/vhfw2rplzzmt/d_j_g_dion_graus
,PVV,Raymond de Roon,2006,De Roon is sinds 2006 lid van de Tweede Kamer der Staten-Generaal namens de Partij voor de Vrijheid.,Tweede Kamerlid,,,,https://nl.wikipedia.org/wiki/Raymond_de_Roon
,PVV,Machiel de Graaf,2012,Sinds 20 september 2012 is De Graaf lid van de Tweede Kamer.,Tweede Kamerlid,,,,
,PVV,Henk de Vree,2020,"Lid provinciale staten Zuid-Holland: Statenlid, fractievoorzitter, voorzitter Statencommissie Verkeer en Milieu",Publieke domein,Lid provinciale staten Zuid-Holland,maart 2011,"Holding Company; owner of Gib Productions B.V. and Plaza Productions B.V. & provincie Zuid-Holland  Statenlid, fractievoorzitter, voorzitter Statencommissie Verkeer en Milieu",https://www.linkedin.com/in/henk-de-vree-5667a44/
,PVV,Gabriëlle Popken,2017-2018 en 2018-2020,NNB (10/10),,,,,
,PVV,Alexander Kops,2017,Tweede Kamerlid,Tweede Kamerlid,,,,
,PVV,Léon de Jong,2017,Tweede Kamerlid,Tweede Kamerlid,,,,
,PVV,Vicky Maeijer,2017,Tweede Kamerlid,Tweede Kamerlid,,,,
,PVV,Roy van Aalst,2017,NNB (10/10),,,,,
,PVV,Chris Jansen,2019,NNB (10/10),,,,,
,PVV,Gidi Markuszower,2017,Tweede Kamerlid,Tweede Kamerlid,,,,
,PVV,Karen Gerbrands ,2017,NNB (10/10),,,,,
,PVV,Barry Madlener,2006,Tweede Kamerlid,Tweede Kamerlid,,,,https://www.parlement.com/id/vhfz2w3q4zho/b_barry_madlener
,PVV,Edgar Mulder,2017,Tweede Kamerlid,Tweede Kamerlid,,,,
,PVV,Danai van Weerdenburg,2017,Tweede Kamerlid,Tweede Kamerlid,,,,
,PVV,Lilian Helder,2010,Hij is sinds 2010 lid van de Tweede Kamer der Staten-Generaal voor de Partij voor de Vrijheid ,Tweede Kamerlid,,,,https://www.parlement.com/id/vier1aaq5zzl/l_m_j_s_lilian_helder
,PVV,Sietse Fritsma,2006-2019 en 2020-heden,"Hij is sinds 1 september 2020 Kamerlid, en was eerder van 30 november 2006 tot 31 oktober 2019, lid van de Tweede Kamer der Staten-Generaal.",Tweede Kamerlid,,,,https://nl.wikipedia.org/wiki/Sietse_Fritsma
,PVV,Louis Bontes,2009, NNB,,,,Lid van de PVV tot 2013 daarna door als zelfstandig Tweede Kamerlid van de fractie Bontes-Klaveren tot 2017.,
,PVV,Karen Gerbrands ,2015,NNB,,,,,
afkoel,PVV,Joram van Klaveren,2010,"senior policy advisor Stichting Platform Islamitische Organisaties Rijnmond (SPIOR), vanaf december 2019
",brancheorganisatie & koepels,Stichting Platform Islamitische Organisaties Rijnmond (SPIOR),december 2019,,
,,,,"CEO Islam Experience Center, vanaf maart 2020",Bedrijf,Islam Experience Center,maart 2020,,
,PVV,Reinette Klever,2011,"Na haar vertrek uit de Tweede Kamer keerde Klever terug in het investeringsbedrijf van haar man: projectmanager en adviseur Asap Investment, vanaf december 2017",Bedrijf,Asap Investment,december 2017,,https://nl.wikipedia.org/wiki/Reinette_Klever
,PVV,Roland van Vliet,2010,"Per 20 maart 2014 ging Van Vliet als onafhankelijk Kamerlid verder., daarna juridisch medewerker bij ""Adelmeijer Hoyng Advocaten"" te Maatstricht/Roermond, van juni 2018 tot 1 november 2018
",Bedrijf,Adelmeijer Hoyng Advocaten,juni 2018,"lid Rekenkamercommissie Nederweert, vanaf februari 2017
- 
strategisch adviseur volkshuisvesting, Woondroom Consulting, vanaf februari 2017",https://www.parlement.com/id/vif4b70ntftm/r_a_roland_van_vliet
,,,,"belastingadviseur/fiscalist Belastingdienst, vanaf 1 november 2018",Publieke domein,Belastingdienst,1 november 2018,,
,SP,Frank Futselaar,2017,Saxion University of Applied Sciences: Docent Creative Business,Overige,Hogeschool Saxion ,april 2021,,https://www.linkedin.com/in/frank-futselaar-1215624/
,SP,Cem Laçin,2017,NNB (10/10),,,,"
lid bestuur Stichting Sirkaf, vanaf 2018",https://www.parlement.com/id/vk72ky38wjwg/c_cem_lacin
,SP,Ronald van Raak,,"bijzonder hoogleraar 'Erasmiaanse waarden', Erasmus Universiteit Rotterdam, vanaf 1 april 2021",Overige,Erasmus Universiteit Rotterdam,1 april 2021,,https://www.parlement.com/id/vgfy1fxrgtrr/a_a_g_m_ronald_van_raakk
,SP,Mahir Alkaya,2018,Tweede Kamerlid,Tweede Kamerlid,,,,
,SP,Sandra Beckerman,2017,Tweede Kamerlid,Tweede Kamerlid,,,,
,SP,Maarten Hijink,2017,Tweede Kamerlid,Tweede Kamerlid,,,,
,SP,Bart van Kent,2017,Tweede Kamerlid,Tweede Kamerlid,,,,
,SP,Lilian Marijnissen,2017,Tweede Kamerlid,Tweede Kamerlid,,,,
,SP,Peter Kwint,2017,Tweede Kamerlid,Tweede Kamerlid,,,,
,SP,Jasper van Dijk,2006,Tweede Kamerlid,Tweede Kamerlid,,,,https://www.parlement.com/id/vhf419quojxi/j_j_jasper_van_dijk
,SP,Emile Roemer,2006,per 16 maart 2018 tot waarnemend burgemeester van Heerlen. ,Publieke domein,Waarnemend Burgemeester van Heerlen,16 maart 2018,In mei 2020 werd Roemer aangesteld als voorzitter van het Aanjaagteam Bescherming Arbeidsmigranten,https://nl.wikipedia.org/wiki/Emile_Roemer
,,,,Vervolgens werd Roemer per 1 oktober 2020 benoemd tot waarnemend burgemeester van Alkmaar. ,Publieke domein,Waarnemend burgemeester van Alkmaar,1 oktober 2020,,
,,,,"Emile Roemer is door de Pro­vin­ci­a­le Sta­ten voorgedragen als nieuwe commissaris van de koning van Limburg, in die provincie gouverneur genoemd. ",Publieke domein,(voorgedragen) nieuwe commissaris van de koning van de Provincie Limburg,1 oktober 2021,,
,SP,Sadet Karabulut,2006,"Bestuurder, adviseur & spreker: zelfstandig eigenaar ""Sadet Krabulut""",zelfstandig adviseur,Zelfstandig adviseur,juli 2021,,https://nl.wikipedia.org/wiki/Sadet_Karabulut
,,,,"Stichting Kunstmuseum Flevoland
Lid Raad van Toezicht Kunstmuseum Flevoland
",Overige,Kunstmuseum Flevoland,september 2021,,
,SP,Michiel van Nispen,2014,Lid Tweede Kamer en lid Presidium. ,Tweede Kamerlid,,,,https://www.parlement.com/id/vj04bd9qi7z0/m_michiel_van_nispen
,SP,Henk van Gerven,2006,NNB (10/10),,,,"voorzitter Stichting ""Ons Medisch Centrum"" te Oss, vanaf 2002",https://www.parlement.com/id/vhfp2rg4wpyi/h_p_j_henk_van_gerven
afkoel,SP,Nine Kooiman,2010,"
secretaris NPB (Nederlandse Politiebond), vanaf 1 juni 2018",brancheorganisatie & koepels,Nederlandse Politiebond (NPB),1 juni 2018,,
,SP,Renske Leijten,2006,Tweede Kamerlid,Tweede Kamerlid,,,"bestuursvoorzitter Stichting Multiplex (organisator van Haarlemmer Houtfestival), vanaf 1 juni 2020",https://www.parlement.com/id/vher1d4gnptj/r_m_renske_leijten
,SP,Harry van Bommel,1998,"strategisch bestuursadviseur, gemeente Zwolle, vanaf november 2017",Publieke domein,Gemeente Zwolle,november 2017,"trainer, verkiezingswaarnemer",https://www.parlement.com/id/vg09lljso4z9/h_harry_van_bommel
,SP,Jan de Wit,1995,Verliet de kamer in 2014 om met pensioen te gaan.,,,,,https://nl.wikipedia.org/wiki/Jan_de_Wit
,SP,Sharon Gesthuizen,2006,"manager/voorzitter bestuur Stroom Denhaag 2017-2021, kunstcentrum in den haag ",Overige,Stroom Den Haag,december 2020,,https://nl.wikipedia.org/wiki/Sharon_Gesthuizen
,,,,Vanaf april 2021 is zij directeur van de kunsthogeschool Art & Design ArtEZ in Arnhem.,Overige,ArtEZ,1 april 2021,,
,SP,Jasper van Dijk,2006,sinds 30 november 2006 lid van de Tweede Kamer der Staten-Generaal.,Tweede Kamerlid,,,,https://www.parlement.com/id/vhf419quojxi/j_j_jasper_van_dijk
,SP,Paul Ulenbelt,2006,NNB,,,,,https://www.parlement.com/id/vher1d4gnlth/p_paul_ulenbelt
,SP,Henk van Gerven,2006-2021,"Kamerlid tot 2016, daarna opnieuw in 2018. ",Tweede Kamerlid,Tweede Kamer,2018,"voorzitter Stichting ""Ons Medisch Centrum"" te Oss, vanaf 2002",https://www.parlement.com/id/vhfp2rg4wpyi/h_p_j_henk_van_gerven
,,,,"lid gemeenteraad van Oss, van 29 maart 2018 tot 15 november 2018",Publieke domein,Lid gemeenteraad van Oss,29 maart 2018,,
,SP,Manja Smits,2008,"Verliet de Kamer in 2014, vanwege ziekte. ",,,,,https://nl.wikipedia.org/wiki/Manja_Smits_(politica)
,SP,Paulus Jansen,2014,wethouder in Utrecht ,Publieke domein,Wethouder in Utrecht,juni 2014,,
>2 jaar tussen,,,,"voormalig directeur van de Woonbond (2018-2020). 
",brancheorganisatie & koepels,de Woonbond,juni 2018,"voorzitter bestuur Museum van Zuilen, vanaf juni 2018 & voorzitter commissie van deskundigen VvE branche, vanaf mei 2020",https://www.parlement.com/id/vhfc2zr3z3ym/p_f_c_paulus_jansen
,,,,"
kwartiermaker
Toelatingsorganisatie Kwaliteitsborging Bouw",Publieke domein,Toelatingsorganisatie Kwaliteitsborging Bouw,september 2020,,
,SP,Farshad Bashir,,"zelfstandig belasting en business adviseur ""Taksgemak"", vanaf april 2017",zelfstandig adviseur,Taksgemak,april 2017,"lid Raad van Toezicht Academie voor Kleurrijk Leiderschap, vanaf 11 oktober 2012",https://www.parlement.com/id/vhqs2s1hz0yn/f_farshad_bashir
,SP,Tjitske Siderius,2013,"werkzaam bij gemeenten als adviseur sociaal domein, vanaf 2017",Publieke domein,Diverse gemeenten,2017,,
,,,,"senior beleidsadviseur jeugdhulp te Hardenberg, vanaf april 2020",Publieke domein,Gemeente Hardenberg,april 2020,"columnist Nederlands Dagblad, vanaf 2017",https://www.parlement.com/id/vj04bekexhz1/t_e_tjitske_siderius
,SP,Eric Smaling,2007,"onderzoeker op het gebied van voedselkwaliteit en bodemvruchtbaarheid, Wageningen Environmental Research, WUR, vanaf 1 oktober 2017 (3 dagen per week)",Overige,Wageningen Environmental Research,1 oktober 2017,,
,,,,"lid Provinciale Staten van Noord-Holland, vanaf 28 maart 2019",Publieke domein,Provinciale Staten Noord-Holland,28 maart 2019,,https://www.parlement.com/id/vhjogfpxaszp/e_m_a_eric_smaling
afkoel,SP,Arnold Merkies,2012,"netwerkcoördinator Tax Justice NL SOMO, vanaf februari 2018",ngo,Tax Justice NL/ SOMO,februari 2018,,https://www.parlement.com/id/vj04b3vw96z0/a_z_arnold_merkies
afkoel,CDA,Gerard van den Anker,2021,"Voorzitter bij de Nederlandse Fruittelers Organisatie, bestuurder, commissaris, toezichthouder",brancheorganisatie & koepels,Nederlandse Fruittelers Organisatie (NFO),april 2021,"
voorzitter Klachtencommissie, Brabant Wonen/Zorggoed Brabant, vanaf 1 maart 2019
- 
lid Raad van Commissarissen Bazalt Wonen, vanaf 1 januari 2021",https://www.linkedin.com/in/gerard-van-den-anker-0532b826/
,CDA,Joba van den Berg,2017,Tweede Kamerlid (sinds 29 september 2021),Tweede Kamerlid,,,"mede-eigenaar HBerg Advies B.V., vanaf 6 november 2015 (extra info: verving eerst Harry van der Molen en maakt sinds 29 september 2021 weer deel uit van de Tweede Kamerfractie)",
,CDA,Chris van Dam,2017,"zelfstandig adviseur/onderzoeker/ spreker op het gebied van rechtspraak ""Recht doen""",zelfstandig adviseur,Recht doen,mei 2021,"
lid Raad van Advies, BvTF (Bureau voor toegepaste filosofie), vanaf 1 april 2020 & Naast mijn portefeuilles op het vlak van politie en veiligheid ben ik CDA-kamerlid voor de Provincie Zuid-Holland en heb ik de portefeuille grote steden",https://www.linkedin.com/in/chrisvandamcda/
,CDA,Hanke Bruins Slot,2010,Van 17 juni 2010 tot 5 juni 2019 was zij lid van de Tweede Kamer der Staten-Generaal.,Tweede Kamerlid,,,,
,,,, Op 4 juni 2019 verliet Bruins Slot de Tweede Kamer om gedeputeerde te worden in het College van Gedeputeerde Staten van de Provincie Utrecht,Publieke domein,College van Gedeputeerde Staten van de Provincie Utrecht,4 juni 2019,"lid algemeen bestuur Atlantische Commissie, vanaf 1 februari 2018 & verleden: lid werkgroep Herziening reglement van orde (Tweede Kamer der Staten-Generaal), van 13 maart 2018 tot 5 juni 2019",https://www.parlement.com/id/viej19fsg3z9/h_g_j_hanke_bruins_slot
,CDA,Maurits von Martels,2017,NNB (10/10),,,,"verleden: lid commissie onderwijs, cultuur en sport, VNG",https://www.parlement.com/id/vkcoakvp1jn0/m_r_h_m_maurits_von_martels
afkoel,CDA,Wytske Postma,2019,Kwartiermaker bij vastgoedontwikkelaar Steenvlinder,Bedrijf,Steenvlinder,augustus 2021,,https://www.linkedin.com/in/wytskepostma/
,CDA,Michel Rog,2012,afgetreden vanwege benoeming als wethouder van Haarlem,Publieke domein,Wethouder van Haarlem,17 december 2020,,https://nl.wikipedia.org/wiki/Samenstelling_Tweede_Kamer_2017-2021
,CDA,Erik Ronnes,2015,Vanaf 15 mei 2020 is hij lid van het college van gedeputeerde Staten van de Provincie Noord-Brabant (gebied wonen).,Publieke domein,Provincie Noord-Brabant,15 mei 2020,"
lid Raad van Toezicht Stichting Automotive Campus Helmond
- 
lid bestuur Stichting Brainport Smart District",https://nl.wikipedia.org/wiki/Erik_Ronness
afkoel,CDA,Evert-Jan Slootweg,2017,voorzitter van het Landelijk Schuldenknoopunt (NVVK). Het Schuldenknooppunt is een centrale digitale voorziening voor gestandaardiseerd berichtenverkeer tussen schuldhulpverleners en schuldeisers.,brancheorganisatie & koepels,voorzitter van het Landelijk Schuldenknoopunt (NVVK),3 september 2021,"verleden: voorzitter Pastorale Raad Zuid-Brinkstraatkerk Bennekom, van 1 september 2015 tot september 2020",https://www.parlement.com/id/vk7vgjayf7q8/e_j_evert_jan_slootweg
afkoel,CDA,Julius Terpstra,2020,"
Commercieel manager - Heijmans Vastgoed ",Bedrijf,bouwonderneming N.V. Heijmans,juli 2021,,
,CDA,Anne Kuik,2017,Tweede Kamerlid,Tweede Kamerlid,,,,
,CDA,Harry van der Molen,2017,Tweede Kamerlid,Tweede Kamerlid,,,,
,CDA,Hilde Palland,2019,Tweede Kamerlid,Tweede Kamerlid,,,,
,CDA,René Peters,2017,Tweede Kamerlid,Tweede Kamerlid,,,,
,CDA,Mustafa Amhaouch,2016,Tweede Kamerlid,Tweede Kamerlid,,,,https://nl.wikipedia.org/wiki/Mustafa_Amhaouch
,CDA,Pieter Heerma,2012,Tweede Kamerlid,Tweede Kamerlid,,,lid bestuur Stichting Machiavelli,https://www.parlement.com/id/vj0acjfmy7py/p_e_pieter_heerma
,CDA,Sybrand van Haersma Buma,2002,"Op 16 mei 2019 droeg de gemeenteraad van Leeuwarden Buma voor als burgemeester van deze gemeente, die inging in augustus 2019.",Publieke domein,Burgemeester van de gemeente Leeuwarden,26 augustus 2019,"lid bestuur Stichting ""Mr. W.W. Bumaleen"" & lid bestuur familiestichting ""Buma""",https://www.parlement.com/id/vg9fgoprxix4/s_sybrand_van_haersma_buma
,CDA,Madeleine van Toorenburg,2007,gedeputeerde in Limburg,Publieke domein,Gemeente Limburg,2 juli 2021,"lid Raad van Toezicht Nationaal Monument 'kamp Vught', vanaf januari 2014",https://www.parlement.com/id/vhdf1dj506z8/m_m_madeleine_van_toorenburg
,CDA,Jaco Geurts,2012,Hij is ondervoorzitter van de vaste commissie voor Financiën en sinds juni 2019 fractiesecretaris.,Tweede Kamerlid,,,"
lid ledenraad Rabobank Barneveld-Voorthuizen, tot november 2014
- 
lid jury zakelijk evenement Top Barneveld, van maart 2014 tot december 2015",https://www.parlement.com/id/vj0ac54vgsln/j_l_jaco_geurts
,CDA,Martijn van Helvert,2014,Van Helvert Dutch Consultancy - zelfstandig ondernemer,zelfstandig adviseur,Van Helvert Dutch Consultancy,april 2021,,
,,,,interimwethouder Roerdalen,Publieke domein,Interimwethouder Gemeente Roerdalen,3 juni 2021,,
,CDA,Agnes Mulder,2012,"lid Tweede Kamer der Staten-Generaal, vanaf 20 september 2012",Tweede Kamerlid,,,"
penningmeester Nederlandse Groep der Interparlementaire Unie, vanaf 9 mei 2017
- 
lid bestuur Nieuwjaarsreceptie Noord-Nederland, vanaf 10 januari 2020, --> verleden: vicevoorzitter Stichting Jong Ondernemen Noord-Nederland
- 
lid Raad van Toezicht ROC ""Friese Poort"", van 2011 tot 30 juni 2018",https://www.parlement.com/id/vj0ac8qc7flo/a_h_agnes_mulder
,CDA,Raymond Knops,2005,In de Kamer sinds 2010. Sinds 14 april 2020 is hij staatssecretaris van Binnenlandse Zaken en Koninkrijksrelaties in het kabinet-Rutte III. Van 1 november 2019 tot 14 april 2020 was hij Minister van Binnenlandse Zaken en Koninkrijksrelaties ter vervanging van Kajsa Ollongren.,Tweede Kamerlid,,,"verleden: 
mede-eigenaar Jorim Holding B.V., van 2016 tot oktober 2017
- 
lid Raad van Advies Fontys Hogeschool Engineering en Automotive, 2017",https://nl.wikipedia.org/wiki/Raymond_Knops
,CDA,Mona Keijzer,,NNB,,,,"verleden  
lid commissie Laag Holland
- 
lid projectgroep ""Lang Leve Thuis""",https://www.parlement.com/id/vizag4ylfmm4/m_c_g_mona_keijzer
,CDA,Pieter Omtzigt,2010,Tweede Kamerlid (zelfstandig kamerlid voor de eenmansfractie lid-Omtzigt,Tweede Kamerlid,,,"columnist ""Scienceguide"", vanaf november 2014 & lid Raad van Advies Actuarieel Genootschap, vanaf mei 2017",https://www.parlement.com/id/vge7dtpjguys/p_h_pieter_omtzigt
,CDA,Sander de Rouwe,2007,"lid Provinciale Staten van Fryslân, van 26 maart 2015 tot 20 mei 2015",Publieke domein,Provinciale Staten van Fryslân,26 maart 2015,,
,,,,Daarna trad hij toe tot het College van Gedeputeerde Staten van Friesland van 20 mei 2015 tot 1 oktober 2021,Publieke domein,College van Gedeputeerde Staten van Friesland,20 mei 2015,,
,,,,"burgemeester van Kampen, vanaf 1 oktober 2021",Publieke domein,Burgemeester van Kampen,1 oktober 2021,,
,CDA,Eddy van Hijum,2003,"
lid Gedeputeerde Staten (belast met economie, financiën, deelnemingen en Techbase Twente) van Overijssel, vanaf 20 mei 2015",Publieke domein,Gedeputeerde Staten van Overijssel,20 mei 2015,(kort voorzitter van bestuur scholengemeenschap geweest),
,,,,"
lid Provinciale Staten van Overijssel, vanaf 28 maart 2019",Publieke domein,Provinciale Staten van Overijssel,28 maart 2019,,
,CDA,Jaco Geurts,2012-heden,Hij is ondervoorzitter van de vaste commissie voor Financiën en sinds juni 2019 fractiesecretaris.,Tweede Kamerlid,,,"
lid ledenraad Rabobank Barneveld-Voorthuizen, tot november 2014
- 
lid jury zakelijk evenement Top Barneveld, van maart 2014 tot december 2015",https://www.parlement.com/id/vj0ac54vgsln/j_l_jaco_geurts
,CDA,Agnes Mulder,2012-heden,"lid Tweede Kamer der Staten-Generaal, vanaf 20 september 2012",Tweede Kamerlid,,,"
penningmeester Nederlandse Groep der Interparlementaire Unie, vanaf 9 mei 2017
- 
lid bestuur Nieuwjaarsreceptie Noord-Nederland, vanaf 10 januari 2020, --> verleden: vicevoorzitter Stichting Jong Ondernemen Noord-Nederland
- 
lid Raad van Toezicht ROC ""Friese Poort"", van 2011 tot 30 juni 2018",https://www.parlement.com/id/vj0ac8qc7flo/a_h_agnes_mulder
,CDA,Peter Oskam,2012,"burgemeester van Capelle aan den IJssel, vanaf 4 januari 2016",Publieke domein,Burgemeester van Capelle aan den IJssel,4 januari 2016,"
waarnemer scheidsrechters Betaald Voetbal
- 
voorzitter Commissie herijking tarieven ambtshandelingen deurwaarders, ministerie van Justitie en Veiligheid, vanaf juni 2017, verleden: lid adviesraad sport s-grvanehage 2012-2016",https://www.parlement.com/id/vj0acde4vrpx/p_peter_oskam
,,,,Vanaf 15 mei 2020 is hij lid van het college van gedeputeerde Staten van de Provincie Noord-Brabant.,Publieke domein,Provincie Noord-Brabant,15 mei 2020,,
,D66,Marijke van Beukering,januari 2020-mei 2020 enmei 2020 -maart 2021,Lid van de Tweede Kamer,Tweede Kamerlid,,,"
voorzitter Nationale Bond voor EHBO, vanaf 1 mei 2014
- 
voorzitter IJTC Groenvliet, vanaf 1 november 2017",https://www.parlement.com/id/vk9nhxbu9vz8/m_j_th_g_marijke_van_beukering
afkoel,D66,Stientje van Veldhoven,2010,"
vicepresident/directeur Europa voor het World Resources Institute, vanaf 1 september 2021",ngo,het World Resources Institute,1 september 2021,"
lid Programmaraad Rathenau Instituut, van 23 september 2015 tot oktober 2017
- 
lid bestuur Maas theater en dans/Maaspodium te Rotterdam, van 1 januari 2016 tot oktober 2017",https://www.parlement.com/id/viehieo6fpzq/s_stientje_van_veldhoven_van_der_meer
,D66,Monica den Boer,2017,Per 1 juni 2020 werd ze benoemd tot hoogleraar bij de Nederlandse Defensie Academie.,Overige,Nederlandse Defensie Academie,1 juni 2020,-,https://www.parlement.com/id/vk9hlv1cy3um/m_g_w_monica_den_boer
,D66,Achraf Bouali,2017,"Ministerie van Buitenlandse Zaken
National Coordinator for the World Summit on Water, Energy and Foodsecurity 2022 in Dubai
",Publieke domein,Ministerie van Buitenlandse Zaken,augustus 2021,-,https://achrafbouali.nl
afkoel,D66,Antje Diertens,2017,"
Ambassadeur PON (Partnerschap Overgewicht Nederland), Gezonde leefstijl
",ngo,PON (Partnerschap Overgewicht Nederland),september 2021,"
ambassadeur, voor Patnerschap Overgewicht Nederland (PON)- lid Raad van Toezicht Eurosonic Noorderslag (ESNS) Groningen, vanaf juni 2018",
,D66,Pia Dijksra ,2010,NNB (2/10),,,,voorzitter jury Univé Paludanusprijs,
afkoel,D66,Jessica van Eijs,2017,Belangenbehartiger Vastgoed: Aedes vereniging woningcorperaties ,brancheorganisatie & koepels,Aedes,mei 2021,-,https://www.linkedin.com/in/jessicavaneijs//
,D66,Maarten Groothuizen,2017,"officier van justitie, arrondissementsparket Oost-Nederland te Arnhem, vanaf april 2021",Publieke domein,Openbaar Ministerie Oost-Nederland,april 2021,,
,D66,Rens Raemakers,2017,Tweede Kamerlid ,Tweede Kamerlid,,,,
,D66,Rutger Schonis,2018,Zelfstandig adviseur en jurist Energieke Ruimte,zelfstandig adviseur,Energieke Ruimte ,februari 2017,,https://www.linkedin.com/in/rutgerschonis/
,D66,Matthijs Sienot,2017,"Zelfstandig adviseur, spreker of dagvoorzitter over klimaat",zelfstandig adviseur,Zelfstandig adviseur,april 2021,"
lid bestuur Stichting Wonder, vanaf 30 mei 2019",https://www.linkedin.com/in/matthijssienot/
,D66,Tjeerd de Groot,2017,Tweede Kamerlid ,Tweede Kamerlid,,,,
,D66,Rob Jetten,2017,Tweede Kamerlid (en fractievoorzitter),Tweede Kamerlid,,,,
,D66,Jan Paternotte,2017,Tweede Kamerlid,Tweede Kamerlid,,,,
,D66,Joost Sneller,2017,Tweede Kamerlid,Tweede Kamerlid,,,Functies binnen de Kamer,https://www.parlement.com/id/vk7an8kqjstn/j_c_joost_sneller
afkoel,D66,Kees Verhoeven,2010,Manager Facilitair en Vastgoed bij Laverhof ,Bedrijf,Laverhof,maart 2021,Bestuurslid bij de Open State Foundation ,https://www.parlement.com/id/vif4b8fdu8ss/k_kees_verhoeven
,,,,"bureau Digitale Zaken, adivies. ",zelfstandig adviseur,bureau Digitale zaken,april 2021,,
,,,,"vanaf 1 augustus adviseur Digitale Transformatie bij de Dutch Data Center Association en de Fiber Carrier Association, de brancheorganisaties voor datacenters en glasvezelaanbieders. ",brancheorganisatie & koepels,DDA en FCA,1 augustus 2021,,
,D66,Alexander Pechtold,2002,Kamerlid tot 2018,Tweede Kamerlid,,,,
,,,,Sinds 13 juni 2019 is Alexander Pechtold namens het Presidium van de Tweede Kamer onafhankelijk procesbegeleider bij de verbouwing van het Binnenhof. Pechtold is per 1 november 2019 benoemd tot algemeen directeur van het Centraal Bureau Rijvaardigheidsbewijzen,Publieke domein,CBR,13 juni 2019,Sinds 22 april is Pechtold de voorzitter van de Raad van Commissarissen van de Nederlandse Loterij,https://nl.wikipedia.org/wiki/Alexander_Pechtold
,D66,Vera Bergkamp,2012,Zij is lid van de Tweede Kamersinds 20 september 2012 en maakt deel uit van de fractie van D66. Sinds 7 april 2021 is zij ook voorzitter van de Tweede Kamer.,Tweede Kamerlid,,,"commissaris Koninklijk Theater ""Carré"" te Amsterdam, vanaf 17 mei 2016",https://www.parlement.com/id/vj0nb7o5dmys/v_a_vera_bergkamp
,D66,Sjoerd Sjoerdsma,2012,"Sinds 20 september 2012 is hij lid van de Tweede Kamer. Sinds maart 2021 heeft hij daar de portefeuille Europese zaken, MH17 en initiatiefwet dubbele nationaliteit.",Tweede Kamerlid,,,"
lid bestuur Stichting Machiavelli, vanaf 1 juni 2018
- 
lid Parlementaire Assemblee NAVO, vanaf februari 2019",https://nl.wikipedia.org/wiki/Sjoerd_Sjoerdsma
,D66,Steven van Weyenberg,2012,Sinds 20 september 2012 is hij lid van de Tweede Kamer. ,Tweede Kamerlid,,,"jurylid Gouden Pump Award, vanaf 1 april 2019, Lid kascommissie Vereniging Hofstad Jeugdorkest, vanaf 19 september 2020",https://nl.wikipedia.org/wiki/Steven_van_Weyenberg
,D66,Salima Belhaj,2016,"Sinds 26 januari 2016 is ze lid van de Tweede Kamer. Sinds maart 2021 heeft zij daar de portefeuille defensie, wapenexport, integratie, racisme en discriminatie.",Tweede Kamerlid,,,,https://nl.wikipedia.org/wiki/Salima_Belhaj
,D66,Paul van Meenen,2012,Tweede Kamerlid ,Tweede Kamerlid,,,,
,D66,Ingrid van Engelshoven,2017,"minister van Onderwijs, Cultuur en Wetenschap, vanaf 26 oktober 2017",Tweede Kamerlid,,,,
,D66,Wouter Koolmees,2010,Namens D66 is hij sinds 26 oktober 2017 minister van Sociale Zaken en Werkgelegenheid in het kabinet-Rutte III. Van 1 november 2019 tot 14 mei 2020 was hij tevens vicepremier.,Tweede Kamerlid,,,Verkenner tijdens de formatie 2021,https://www.parlement.com/id/vie119neh0vc/w_wouter_koolmees
afkoel,D66,Gerard Schouw,2003-2015,"Sinds 1 augustus 2015 is hij algemeen directeur van Vereniging Innovatieve Geneesmiddelen, de brancheorganisatie voor farmaceutische bedrijven in Nederland die innovatieve geneesmiddelen ontwikkelen.",brancheorganisatie & koepels,Vereniging Innovatieve Geneesmiddelen,1 augustus 2015," 
voorzitter Bachfestival Dordrecht, vanaf 2017
- 
lid dagelijks bestuur VNO-NCW, vanaf oktober 2018",https://www.parlement.com/id/vgff1fyf5veo/a_g_gerard_schouw
,D66,Magda Berndsen,2010,Op 13 december 2015 werd bekend dat Berndsen verkozen is als voorzitter van D66 Fryslân. ,Publieke domein,waarnemend burgemeester van Súdwest-Fryslân,13 december 2015,"Op 30 april 2021 werd Berndsen door de ministerraad, op voorstel van de minister van Justitie en Veiligheid, met terugwerkende kracht per 10 februari van dat jaar benoemd tot lid van het adviescollege toekomstbestendig stelsel bewaken en beveiligen.",https://nl.wikipedia.org/wiki/Magda_Berndsen
,,,,In december 2017 werd bekend dat ze met ingang van 1 januari 2018 werd benoemd tot waarnemend burgemeester van Dongerael.,Publieke domein,waarnemend burgemeester van Dongeradeel,30 oktober 2018,,
,D66,Wassila Hachchi,2010,"tot 2016 kamerlid. Momenteel is zij werkzaam als coach, spreker en trainer in o.m. leiderschapsontwikkeling, verandermanagement, coaching van executives, life coaching, diversiteit & integratie en carrièrebegeleidin. Bedrijfsnaam: DIALOGUEE",zelfstandig adviseur,DIALOGUEE,januari 2017,"voorzitter 'Dialogue Digital', online internationaal platform voor dialoog, vanaf mei 2015 ",https://nl.wikipedia.org/wiki/Wassila_Hachchi
,D66,Fatma Koşer Kaya,2004, Sinds 20 juni 2018 is zij wethouder in Amersfoort,Publieke domein,Wethouder in Amersfoort,20 juni 2018,,https://nl.wikipedia.org/wiki/Fatma_Koşer_Kaya
,D66,Judith Swinkels,2015,"
rechter-commissaris Rechtbank Noord-Holland te Haarlem, vanaf januari 2018",Publieke domein,rechtbank Noord-Holland,januari 2018,,
afkoel,GroenLinks,Niels van den Berge,2019,"
zelfstandig adviseur water, klimaat en landbouw, vanaf juni 2021
",zelfstandig adviseur,Zelfstandig adviseur,juni 2021,"lid bestuur YEP Alumni Board, vanaf 31 augustus 2018
- 
adviseur Water and Advocacy, vanaf 1 september 2018",
afkoel,,,,"parttime directeur opkomende markten 'Easy Housing', (Part-Time)",Bedrijf,Easy Housing B.V.,juni 2021,,
afkoel,,,,Programmaleider Oxfam International,ngo,Oxfam Novib ,september 2021,,
,GroenLinks,Jesse Klaver,2010,Sinds 2010 is hij Tweede Kamerlid voor GroenLinks en sinds 12 mei 2015 fractievoorzitter.,Tweede Kamerlid,,,,https://nl.wikipedia.org/wiki/Jesse_Klaver
,GroenLinks,Laura Bromet,2018,Tweede Kamerlid ,Tweede Kamerlid,,,,
,GroenLinks,Kathalijne Buitenweg,2017,"staatsraad, Afdeling advisering (Raad van State), vanaf 1 juni 2021",Publieke domein,Raad van State,1 juni 2021,"
lid bestuur Stichting Parlementaire Geschiedenis, vanaf 15 januari 2018",https://www.parlement.com/id/vghq1ig3jrvf/k_m_kathalijne_buitenweg
,GroenLinks,Isabelle Diks,2017,"
wethouder (belast met sociaal domein, zorg, jeugdzorg en volksgezondheid) van Groningen, vanaf 22 april 2020 (tevens locoburgemeester)",Publieke domein,Wethouder van Groningen,22 april 2020,"
lid Raad van Toezicht Stichting Erkende Streekproducten, vanaf 1 juli 2016
- 
voorzitter Oogstfonds, vanaf 1 juli 2019",https://www.parlement.com/id/vhfq2rp29xx4/l_i_isabelle_diks
,GroenLinks,Suzanne Kröger,2017,NNB (10/10),,,,,https://www.linkedin.com/in/suzannekroger/
,GroenLinks,Tom van der Lee,2017,Tweede Kamerlid ,Tweede Kamerlid,,,,
,GroenLinks,Tom van den Nieuwenhuijzen,2020,Gemeente Amsterdam: Strateeg Duurzaamheid - Burgerparticipatie en Bestuur,Publieke domein,Gemeente Amsterdam,juni 2021,,https://www.linkedin.com/in/tomvandennieuwenhuijzen/
,GroenLinks,Zihni Özdil,2017,Freelance schrijver voor o.a. EW,Overige,Elsevier,,"medewerker weekblad ""Vrij Nederland"", vanaf juli 2019
- 
columnist ""NRC Handelsblad"", vanaf september 2019",
,GroenLinks,Nevin Özütok,2006,Wethouder Beverwijk,Publieke domein,Wethouder van Beverwijk,9 september 2021,,
,GroenLinks,Bram van Ojik,1993,NNB (2/10 - wellicht met penisioen),,,,"
voorzitter Raad van Toezicht Leprastichting, vanaf januari 2016
- 
lid algemeen bestuur Atlantische Commissie, vanaf 1 januari 2019",
,GroenLinks,Linda Voortman,2010,"Wethouder werk en inkomen, diversiteit, publieksdienstverlening, personeel en organisatie bij Gemeente Utrecht ",Publieke domein,Wethouder van de gemeente Utrecht,7 juni 2018,"lid bestuur Zelfstandig Publieke Werkgevers
- 
co-president Comité voor Sociale Inclusie, Participatieve Democratie en Mensenrechten, UCLG (United Cities and Local Communities)",https://nl.wikipedia.org/wiki/Linda_Voortman
,GroenLinks,Wim-Jan Renkema,2018, eigenaar van eenmanszaak ARRAN Bestuur & Toezicht),zelfstandig adviseur,ARRAN Bestuur & Toezicht,april 2021,,https://www.linkedin.com/in/wimjanrenkema/
,GroenLinks,Paul Smeulders,,NNB (2/10),,,,,https://www.linkedin.com/in/paulsmeulders/
,GroenLinks,Lisa Westerveld,2017,Tweede Kamerlid ,Tweede Kamerlid,,,,
,GroenLinks,Bart Snels,2017,Tweede Kamerlid,Tweede Kamerlid,,,,
afkoel,GroenLinks,Jolande Sap,2008,"partner adviesbureau ""Camunico"" (duurzaamheidstrategie), van 2015 tot april 2018.",public affairs kantoor,Camunico,2015,Sap is sinds 2013 voorzitter van NPHF Federatie voor Gezondheid en sinds 2014 voorzitter van de Raad van Toezicht Fairfood International. Daarnaast is zij onder meer commissaris bij Koninklijke KPN N.V.,https://nl.wikipedia.org/wiki/Jolande_Sap
,,,,"In de periode maart 2018 tot oktober 2018 was zij onafhankelijk duo-voorzitter van het cao-overleg grondpersoneel KLM. Per 2015 werd zij commissaris bij KPN, in 2018 tweede termijn.",Bedrijf,KPN,2015,,
,,,,zitting in het bestuur van Fairfood International. Op 1 januari 2014 werd zij voorzitter van dat bestuur,brancheorganisatie & koepels,Fairfood International,2014,,
,,,,"
lid bestuur NEa (Nederlandse Emissieautoriteit), vanaf 1 juli 2020",Publieke domein,Nederlandse Emissieautoriteit,juli 2020,,
,GroenLinks,Liesbeth van Tongeren,2010,"In juni 2018 verliet Van Tongeren de Tweede Kamer[20] om wethouder Duurzaamheid, Milieu en Energietransitie en 3e locoburgemeester van Den Haag",Publieke domein,Locoburgemeester Den Haag,juni 2018,"informeel adviseur SafeDrivePod, van 27 september 2017 tot 1 februari 2018 - daarvoor: lid Raad van Advies Stichting Greencrowd te Woudenberg, van oktober 2013 tot 1 september 2017",https://www.parlement.com/id/viehdjhfdez8/l_liesbeth_van_tongeren
afkoel,GroenLinks,Corinne Ellemeet,2014-2015 en 2017-heden,Tweede Kamerlid,Tweede Kamerlid,,,,
,,,,"netwerkdirecteur Natuur- en milieufederaties, van 1 maart 2014 tot maart 2017",brancheorganisatie & koepels,Natuur- en milieufederaties,14 maart 2017- maart 2017,,
,GroenLinks,Rik Grashoff,2010,In 2019 werd hij gedeputeerde van Noord-Brabant en in 2021 wethouder in Tilburg.,Publieke domein,Wethouder van Tilburg,2021,"
informateur collegevorming gemeente Nijmegen, maart 2018",https://www.parlement.com/id/viehdask7nxs/h_j_rik_grashoff
,ChristenUnie,Eppo Bruins,2015,Zelfstandig ondernemer bij Eppo Bruins innovation management and leadership consultancy/ Freelance consultant Leadership insight ,zelfstandig adviseur,Zelfstandig adviseur,april 2021,"lid Adviescommissie Stichting 'Health in Slums', vanaf 1 december 2015
- 
voorzitter Elisabeth Henderson Stichting, vanaf 11 december 2018",https://www.linkedin.com/in/eppobruins/
,ChristenUnie,Carla Dik-Faber,2012,actief bij het platform GroenGelovig ,Overige,GroenGelovig,2018,,https://www.linkedin.com/in/carladikfaber/
,,,,"voorzitter Margaretha Consort, vanaf 1 mei 2020",Overige,Margaretha Consort,1 mei 2020,,
afkoel,ChristenUnie,Nico Drost,2019,"Eigenaar Management Consultant (Drost Management Consultancy is een bedrijfskundig adviesbureau, gespecialiseerd in de maakindustrie.)",zelfstandig adviseur,Drost Management Consultancy,april 2011,,
,,,,"Smarting industry, onafhankelijk kennisplatform gericht op de maakindustrie (managing partner)",Bedrijf,Smarting Industry,februari 2018,,
,,,,Lid gemeenteraad van Rhenen,Publieke domein,Gemeenteraad van Rhenen,1 oktober 2019,,
,ChristenUnie,Arie Slob,2017,Sinds 26 oktober 2017 is hij minister voor Basis- en Voortgezet Onderwijs en Media in het kabinet-Rutte III. Hij was tussen 2001 en 2002 en van 2002 tot 2015 lid van de Tweede Kamer der Staten-Generaal voor de CU. ,Tweede Kamerlid/minister,,,,
,ChristenUnie,Stieneke van der Graaf,2017,NNB (10/10),,,,"
lid vertrouwenscommissie predikant plaatselijke gemeente, vanaf 2015
- 
lid bestuur ECPM (European Christian Political Movement), vanaf juni 2013",https://www.parlement.com/id/vk8fcx4kikzs/s_j_f_stieneke_van_der_graaf
,ChristenUnie,Gert-Jan Segers,2012,Tweede Kamerlid (en fractievoorzitter),Tweede Kamerlid,,,,
,ChristenUnie,Carola Schouten,2011,"Sinds 15 januari 2021 is zij demissionair minister van Landbouw, Natuur en Voedselkwaliteit, door de val van het kabinet-Rutte III. Eerder was zij van 18 mei 2011 tot 26 oktober 2017 lid van de Tweede Kamer",Tweede Kamerlid/minister,,,"verleden: lid Raad van Toezicht Gereformeerde Scholengemeenschap Randstad, van 1 februari 2016 tot oktober 2017
- 
lid Raad van Toezicht MAF Nederland (Stichting Mission Aviation Fellowship Nederland), van 28 oktober 2016 tot oktober 2017",https://www.parlement.com/id/vif4b83nbxyq/c_j_carola_schouten
,ChristenUnie,Joël Voordewind,2006,Consultant voor non-profit organisaties ,zelfstandig adviseur,zelfstandig adviseur,juni 2021,,
,PvdD,Eva Akerboom,2018-2019 ,"verkoopster en verantwoordelijk voor relatie met artiesten, VanderMeij guitars te Amsterdam, vanaf februari 2013",Overige,VanderMeij Guitars ,februari 2013,"lid kascommissie VVE (Vereniging van Eigenaren), ""de Zilvermeeuw"" te Amsterdam, vanaf oktober 2016",https://www.linkedin.com/in/eva-akerboom-46ab4877//
,PvdD,Eva van Esch,2019,Tweede Kamerlid,Tweede Kamerlid,,,"lid algemeen bestuur Stichting Animal Politics Foundation, vanaf 12 oktober 2019",
,PvdD,Femke Merel van Kooten-Arissen,2017,Partijleider van Splinter - lijsttrekker Tweede Kamerverkiezingen 2021 ,Publieke domein,Splinter ,2021,,https://nl.wikipedia.org/wiki/Femke_Merel_van_Kooten-Arissen
,PvdD,Esther Ouwehand,2006,Tweede Kamerlid (en fractievoorzitter),Tweede Kamerlid,,,"lid bestuur Jongerencentrum ""De Schuit"" te Katwijk",
,PvdD,Lammert van Raan,2017,Tweede kamerlid,Tweede Kamerlid,,,"eigenaar DGA Van Raan Beheer B.V., vanaf 2010 (beleggingsinstelling) ",
,PvdD,Marianne Thieme,2006-2019,"Publicist, public speaker, documentary filmmaker and activist. ",zelfstandig adviseur,Zelfstandig ,2019,,
,PvdD,Christine Teunissen,2015,"Eerst lid Eerste Kamer, en nu sinds een paar maanden lid Tweede Kamer",Tweede Kamerlid,,,Secretaris - Animal Politics Foundation,https://www.partijvoordedieren.nl/personen/christine-teunissen
,PvdD,Frank Wassenberg,2015,Tweede Kamerlid ,Tweede Kamerlid,,,,
afkoel,50PLUS,Corrie van Brenk,2017,Ambassadeur win-win project KBO-Brabant (zelfstandige belangenvereniging van senioren),brancheorganisatie & koepels,KBO-Brabant ,oktober 2021,,https://www.linkedin.com/in/cvanbrenk/
,50PLUS,Simon Geleijnse,2018-2019,Eigenaar van SG19 Advies & Interim-management ,zelfstandig adviseur,SG19 Advies & Interim-management ,oktober 2021,,
,,,,Lobbyist bij BPRA Public Affairs,public affairs kantoor,BPRA Public Affairs ,mei 2021 - september 2021,,https://www.linkedin.com/in/simon-geleijnse-0206b2170/
"afkoel (1,8 jaar ertussen)",,,,"Adviseur van Toine Manders, Europees Parlement",Publieke domein,Europees Parlement,Van juli 2020 tot mei 2021 en weer vanaf 30 september 2021,,
,50PLUS,Henk Krol,2014,Verlaat Van Kootten en Arissen en begint een Bed & Breakfast,Overige,Bed & Breakfast ,1 april 2021,"buitengewoon ambtenaar burgerlijke stand (Eindhoven), vanaf 11 februari 2013",
,50PLUS,Gerrit-Jan van Otterloo,2019,NNB,,,,"lid Raad van Commissarissen Afrikaander Wijkcoöperatie, vanaf 1 juli 2017; gevolmachtigde Kosmopolis B.V., vanaf 27 augustus 2019",
,50PLUS,Martin van Rooijen,2017,Benoeming Eerste Kamerlid,Publieke domein,Eerste Kamer ,juni 2019,,
,50PLUS,Léonie Sazias,2017,NNB,,,,"
directeur Navaya B.V., vanaf 1991 (kunst, beeldend kunstenaar)
- 
lid bestuur Stichting INKAZO (Innovatieve Kankerpatiënten Zorg), vanaf 2011 - Beeldend kunstenaar",https://www.parlement.com/id/vk96j4w7f5x0/l_leonie_sazias
,50Plus,Norbert Klein,2012,"adviseur Norbert Klein Public Affairs te Hoevelaken, vanaf september 2017",zelfstandig adviseur,Norbert Klein Public Affairs,september 2017,"
lid bestuur Lions Club Hoevelaken, vanaf juni 2014
- 
eigenaar Klein Hoevelaken B.V., vanaf 2010",https://www.parlement.com/id/vj2mc67lofnr/n_p_m_norbert_klein
,,,,Norbert Klein is overleden,,,,,
,50Plus,Martine Baay-Timmerman,2013,Sinds 28 maart 2017 is ze lid van de Eerste Kamer.,Publieke domein,Eerste Kamer,28 maart 2017,"voorzitter VvE Gooierhoofd Huizen, vanaf 1 september 2009",https://www.parlement.com/id/vj2uugfz90wj/m_h_h_martine_baay_timmerman
,SGP,Roelof Bisschop,2012,Tweede Kamerlid,Tweede Kamerlid,,,"Huidig: lid Raad van Toezicht Van Lodensteincollege en Hoornbeeck College, vanaf 1 augustus 2020, columnist Reformatorisch Dagblad, vanaf 2020. Vorig: 
columnist ""Terdege"", vanaf 1 januari 2013, lid visitatiecommissie ProDemos 2014, 2019",
afkoel,SGP,Elbert Dijkgraaf,2010-2018,"Bijzonder hoogleraar empirische economie van de publieke sector, Erasmus Universiteit Rotterdam",Overige,Erasmus Universiteit Rotterdam ,2009,"Hudig: voorzitter Raad van Toezicht Lelie zorggroep, vanaf september 2019
en lid Raad van Commissarissen Acture BV, vanaf juni 2020. ",https://www.linkedin.com/in/elbertdijkgraaf/
,,,,"Sinds zijn vertrek in 2018, schrijft hij regelmatig columns en opiniestukken voor het Reformatorisch Dagblad.",Overige,Reformatorisch Dagblad ,2018,,
,,,,"Sinds zijn vertrek in 2018, schrijft hij regelmatig columns en opiniestukken voor Novini.nl.",Overige,Novini.nl,2018,,
,,,,Eigenaar Dijkgraaf Strategisch Advies,zelfstandig adviseur,Dijkgraaf Strategisch Advies ,april 2018,,
,,,,"Dijkgraaf treedt op als adviseur van Noaber Foundation, het 'family office' van Paul Baan.",brancheorganisatie & koepels,Noaber Foundation ,april 2018,,
,SGP,Kees van der Staaij,1998,Tweede Kamerlid,Tweede Kamerlid,,,"huidige: lid Identiteitscommissie VGS te Ridderkerk, vanaf 1 juli 2015 en lid bestuur Centrum voor Parlementaire Geschiedenis Nijmegen, vanaf 1 december 2017
vorige: lid bestuur ""Bond tegen het Vloeken"", van maart 2011 tot 12 december 2013 en lid bestuur MAF (Mission Avation Fellowship), Harderwijk, van 1 september 2010 tot 1 januari 2014",
,SGP,Chris Stoffer,2017,Tweede Kamerlid,Tweede Kamerlid,,,"columnist ""Terdege"", vanaf 1 augustus 2018",
,DENK,Farid Azarkan,2017,Tweede Kamerlid (en fractievoorzitter),Tweede Kamerlid,,,"eigenaar 3FP International BV, vanaf 2000",
,DENK,Tunahan Kuzu,2012,Tweede Kamerlid,Tweede Kamerlid,,,,
,DENK,Selçuk Öztürk,2012,NNB (2/10),,,,,
,FvD,Thierry Baudet,2017,Tweede Kamerlid (en fractievoorzitter),Tweede Kamerlid,,,,
,FvD,Theo Hiddema,2017,Lid van de Eerste Kamer voor FvD,Publieke domein,Eerste Kamer ,13 april 2021,"medewerker ""Elsevier Juist"", eigenaar THPB Producties, van 2010 tot 2020, directeur THPB Media B.V., vanaf mei 2020",
,Van Haga,Wybren van Haga,2017,"fractievoorzitter groep-Van Haga, Tweede Kamer der Staten-Generaal, vanaf 13 mei 2021",Tweede Kamerlid,,,"lid Presidium (Tweede Kamer der Staten-Generaal), van 13 april 2021 tot 15 mei 2021",
